Wave Length,Blanco,240,924,1244,2819,3433,4168,4580,5307,Infinity
798.9888916,1.527763247,0.1333195586481674,0.32317143801890214,0.6214446206336316,0.7103239535358589,0.7271721646222201,0.7444288780036131,0.7558734682129256,0.7722057810613858,0.826547338702
798.0165405,1.559204102,0.14532026106709917,0.34255591588658124,0.6462080474416002,0.7304029436248893,0.7470165168633388,0.7664331959654689,0.7770091974873193,0.7921200767675696,0.826926047956
797.0088501,1.558387399,0.16148536950770248,0.3451828409001191,0.6422495517634181,0.7282268385495734,0.7486444641659383,0.7654661689269724,0.7754732595602675,0.7911690732602616,0.827002159535
796.0009155,1.591626287,0.1925859876603693,0.36018445156502626,0.6641961653852059,0.749460561602336,0.7697056741092432,0.7873327423675234,0.7977252267805222,0.8130385038721019,0.826769775579
794.9924927,1.609881759,0.19452162452747007,0.3720555749468741,0.6753357301623233,0.7626009961717543,0.7815634770886742,0.7992001014891942,0.8093418666113976,0.8256032900389957,0.827981262004
793.9837036,1.594508052,0.17999871037900356,0.3658407800991778,0.6644745876486912,0.7519725996592183,0.7698966236076259,0.7889218277486268,0.7995476179109956,0.8141172316227981,0.826851060991
793.0093384,1.550298095,0.14177540265046457,0.3311700529943927,0.6349368967993094,0.7213189214259849,0.7415914476062196,0.7588016349650272,0.7706526811913686,0.786432454023076,0.827862249001
791.9996948,1.577585459,0.16439461662563856,0.3471970122443859,0.6526015719665804,0.7415390141372938,0.7578234302568297,0.7779047943366874,0.7881189933211767,0.8026837227580292,0.827435363111
790.9898071,1.562987685,0.1490650456835153,0.3393650410863622,0.6431798015718834,0.730329486202544,0.7489850304717762,0.7694110732356007,0.7780014369069502,0.7946399912684232,0.82841865485
790.0142212,1.54913795,0.150588318892912,0.3316729195462355,0.6353448970634278,0.7230610021854229,0.7393483913644164,0.7599044559889795,0.7705432194074858,0.7857296986484629,0.828174364275
789.003479,1.565860748,0.15761803363920676,0.3371299392166836,0.6480250328975338,0.7316360757441644,0.7509648187228536,0.7707698452954688,0.7810173268566074,0.7972188262549406,0.827895676292
787.9923096,1.550789118,0.1542821379787928,0.3342824697557008,0.6351395649299938,0.7241770669144242,0.7408693676042449,0.7589777581625875,0.7690251777488746,0.7857145053792376,0.827091712457
787.015625,1.601485491,0.17758352710570957,0.3616317386709511,0.6698099060215905,0.7524078206872371,0.7727666034222008,0.7931220656275366,0.8011859516825768,0.8190226379931703,0.82860291043
786.0036621,1.573351145,0.15212140016689998,0.3468735307306981,0.6518388155414435,0.7376805784023851,0.7553857756264097,0.7742828304495896,0.7850729289816163,0.799302149798775,0.828376260185
784.991333,1.543468356,0.14778965331451938,0.327484188021524,0.6303200481459476,0.7185127264203436,0.7368908327305717,0.7526940230695367,0.7653105478297944,0.7800462072621057,0.827822122739
784.0135498,1.581277609,0.15191583567412592,0.35191548419767427,0.6571546353575616,0.7430174217832535,0.7622398305982604,0.7792987794925953,0.7912003865153892,0.8066066577404447,0.828404595652
783.0003662,1.556381464,0.14722153440402155,0.3419894954600249,0.6402149165378965,0.7259009813451794,0.7453810786765092,0.7634232516812797,0.7733282747010956,0.7892772980243278,0.82868459643
781.9868164,1.552750945,0.146162516710872,0.3340915775212314,0.6360543705185554,0.7222981105034413,0.7415941694558862,0.7590470643398947,0.7718632648674807,0.7861872559063195,0.828116978968
781.0078735,1.568695188,0.15166316707826688,0.34340666654118873,0.6455388449629914,0.7336555178947954,0.7510081405574269,0.770279218257292,0.7806472427525225,0.7966178688222337,0.828786002853
779.9936523,1.568413854,0.1521446438742945,0.35143130485587876,0.646711377870007,0.7346402671427565,0.7511645335514262,0.7699495784761419,0.7804327210565827,0.7962148298543241,0.827184851369
779.013855,1.548173785,0.1430637681460417,0.3274492835935229,0.6335740122965343,0.7182738799339239,0.7379887502404539,0.7572501366707906,0.7669224909698817,0.7819964582814815,0.828687361941
777.9987793,1.590478182,0.17776067340988239,0.3607646943601346,0.661451863536017,0.7485541147960917,0.7652327086168595,0.7842989560198693,0.7936736982315111,0.8101882540019759,0.828379020837
776.9833374,1.589571476,0.17981816581138416,0.35496604621599226,0.6606232369627,0.7476003891800046,0.7642049467853677,0.7816640773467666,0.7939504989675354,0.8091767087406561,0.828621540117
776.0025024,1.581910014,0.15270627589761057,0.35413220720145355,0.6528187189279168,0.7416370081099972,0.7596843935559895,0.7784042248594033,0.788328418075394,0.804751485610788,0.829008541043
774.9862061,1.571748137,0.15215769343913074,0.3395177083632029,0.6458139077651613,0.7344198760900474,0.7543890565363556,0.7717651159453651,0.7810128092909477,0.797610494125497,0.828656087164
774.0046997,1.582346678,0.1681622588714822,0.354399548703399,0.653314366080892,0.7408544252209199,0.7596788917506272,0.7791937195157602,0.78947459941216,0.8045255161201268,0.829411966089
772.9876709,1.542205811,0.1386076951193847,0.3190569934659394,0.6290438455314467,0.7153160223610504,0.7331025532570571,0.7521118690589361,0.7628254409135591,0.7788643694874197,0.828919277745
772.0053101,1.590841174,0.17052315543683122,0.35946984262515763,0.6601560075448789,0.7480652438944385,0.7657264634047933,0.7816812204392808,0.7933278417506324,0.8104298416419602,0.828444080027
770.9875488,1.590975761,0.16959719083468547,0.3603333345004534,0.6560227978537153,0.7458016659244637,0.7642882686293228,0.7828376524699582,0.7948955947046121,0.8097549824733551,0.829617959543
770.0044556,1.58357656,0.16042920982795866,0.3505475030770675,0.654469948675264,0.7420830595318811,0.7612613168981333,0.7795287646475593,0.7892940164958567,0.8033847017853258,0.829974955086
768.9859009,1.569921613,0.15703161359662865,0.3449371987937006,0.6458875004443515,0.7328536679013825,0.750965224493388,0.7693704163106716,0.7798823432707788,0.7968875459015441,0.828776210206
768.0020752,1.596713185,0.17526070067813362,0.3584987807480165,0.662621075654292,0.7500341052969373,0.7681216266569382,0.7864760452701098,0.7985696445904658,0.8146216815477525,0.82923578498
766.9827881,1.566542745,0.15534941748132064,0.3376691009841028,0.6434812364789867,0.7326470229085266,0.7496695038886512,0.7661812217917248,0.778512316131282,0.7938717717752771,0.828986388136
765.9981689,1.578460574,0.16224515280860358,0.3469424890491659,0.649884799614109,0.7383968472183985,0.7560933183678118,0.7747535924808074,0.7868312454855683,0.8027807514710372,0.828972816394
765.0133667,1.584080338,0.16491447190358705,0.3516239720125448,0.6559257688168164,0.7412870974865756,0.7612052344094168,0.7792245690886582,0.7902357916385274,0.8068949449437653,0.829085584132
763.9928589,1.562903166,0.15363880447297484,0.339886055893775,0.6414225082393217,0.728815267169252,0.7465938442113593,0.7648598054310565,0.776648688246369,0.7928404770064974,0.82836487963
763.0072632,1.571580768,0.16056890397821819,0.34676472540891534,0.6462407121639462,0.7343368634323568,0.7509036983053388,0.7703540653012053,0.7817350056345381,0.7973803356888953,0.828928283661
761.9859619,1.568721294,0.1627444675727077,0.3416789093390995,0.6431518858028644,0.7319846540747095,0.7505601001862318,0.7676797452657654,0.7796657362355922,0.7953167034169348,0.829500100045
760.9996338,1.559761524,0.1542514033223903,0.3378182151776411,0.6392147035070207,0.7255415339481944,0.7441551662152144,0.7633340220023151,0.7731258960641081,0.7899535854870758,0.829691064248
760.0128784,1.596888423,0.17825381092651657,0.36050013313777596,0.6611560274719933,0.7484763911474341,0.7687067736786765,0.7878722122199778,0.7974391590072857,0.8129916493593535,0.829505597251
758.9904785,1.547492981,0.13723129736954384,0.33448865158455277,0.6297181443687744,0.7184915484891847,0.736778398211122,0.7535717626469299,0.7658260986623032,0.7816274163935727,0.829577900845
758.0031128,1.537980795,0.13979111607284772,0.3173709365709626,0.62457217346503,0.7121903037238854,0.7302567243035425,0.748658750022385,0.7599909055826917,0.7758290386983417,0.829251538192
757.0151978,1.570492148,0.15257198748666922,0.34145821007179883,0.6457093111466646,0.7318908684166232,0.7512602878832525,0.768664243563048,0.7800861113349996,0.7965392180682304,0.829671609287
755.9917603,1.571376204,0.15576378861489604,0.3445597389162161,0.6452863296970901,0.7341980956748831,0.7530490492260193,0.7700419543018673,0.7819650868555464,0.7973931925386394,0.82915676797
755.0031738,1.554870248,0.14215255353601944,0.33101360137613856,0.6349689051243336,0.7216691020448706,0.7412330620532,0.7586796634129013,0.770951065434752,0.786634485060337,0.829851028852
754.0142822,1.541833878,0.1327843366897994,0.32141093998010284,0.6273150080883885,0.7129518634368814,0.7326201305700109,0.751844064457765,0.7610680894101897,0.7782489904879738,0.829059029547
752.9897461,1.552389503,0.1503124836756955,0.3305459475964447,0.6344515977666316,0.7219116553332194,0.7387633799881919,0.7577814604077006,0.7689617790179079,0.7860443383937058,0.829293870086
752.000061,1.562949538,0.14932844867197317,0.3379332754807127,0.638720330735227,0.7264036167036895,0.7458083843288691,0.765077512205445,0.7765178359941108,0.7920634150323466,0.829010085485
751.0100098,1.567588449,0.1548149670311045,0.33963917846741903,0.6424109450500919,0.7296657282653845,0.7494583607635904,0.7678679348896887,0.7783209610566996,0.7949569091975615,0.829490109501
749.984375,1.572104692,0.14911925465764136,0.3391105962727427,0.6446351584846538,0.7341941766596285,0.7529586420092557,0.7709835367294454,0.7820064390447068,0.7969492068929908,0.82936094187
748.9935913,1.571426988,0.16186506811916965,0.33831058053834157,0.6454028576794393,0.7346680668940508,0.7519242397662902,0.7693444313201561,0.7816857961109701,0.7974882335331216,0.829985153115
748.0026245,1.567207456,0.16164985167722393,0.3411178952996431,0.6422882398202727,0.7300681879220091,0.7485041332461463,0.7676785874205339,0.7786219322167953,0.7951195571728494,0.829344237908
747.0111694,1.543384194,0.1266732491209345,0.32373090839427304,0.6271290965835824,0.715801977467159,0.7334407834025265,0.7511932015894768,0.7630672984842294,0.7792117503932636,0.829385121881
745.9839478,1.577802539,0.16383607257827534,0.34766180865845575,0.6502465058263129,0.7379313555400974,0.7566350860967292,0.7743020972300342,0.7844797510847198,0.8016274468662262,0.830509811242
744.9918823,1.58591485,0.17219453942572144,0.3548018730384008,0.6556983127316484,0.7426437654863024,0.761965925317431,0.7803758469784778,0.7919098405370618,0.8077457342061695,0.828934948882
743.9993286,1.562135935,0.16039013562835908,0.3408536424214325,0.6393447063229736,0.728799224334165,0.7469282523792912,0.7645966921306301,0.7767257554329264,0.792238901395596,0.829874668289
743.0064697,1.554019213,0.15378529385456394,0.33174295966034867,0.6346297092657216,0.722095693582548,0.7410884260401863,0.7594824979699079,0.7704001858123692,0.786927734207648,0.828673910881
742.0133057,1.580118418,0.16098682689953225,0.34922176251361403,0.6506529232355455,0.7390443506901495,0.7583980748566405,0.7762461127663542,0.7885691953403172,0.803042996355151,0.8289489308
740.9842529,1.574162126,0.15373965632952769,0.3463273424738385,0.6486382501194781,0.7354713454407195,0.7541311948679514,0.7721518230379382,0.784658982663361,0.8004410335494073,0.828760008146
739.9903564,1.568622708,0.15694898578611916,0.34190910703127964,0.6438256444549295,0.7329947514140971,0.7503846334507712,0.7680145395764423,0.7802501494500809,0.7965670757959978,0.828565095972
738.9960938,1.565150619,0.15120431600577403,0.34253885007443846,0.6426895220038767,0.7301301389901564,0.7492537041370421,0.7672372080602745,0.7783583556228086,0.7954430771647774,0.828750838081
738.0015869,1.5614959,0.15314288732453557,0.3373192864915039,0.6398364533111451,0.7265759753819602,0.7468126900453064,0.765509740934886,0.7765881462980225,0.7918304953609435,0.829117722791
737.0065308,1.562199712,0.15097072069792905,0.334135748468219,0.6398897364754892,0.7279765825523382,0.7474309457790528,0.7650089976175264,0.775534399735128,0.7928834701565736,0.828673307601
736.0112305,1.552067637,0.15076608318094445,0.332420501876489,0.6335116171091687,0.7215025153617606,0.7406146130861356,0.7589596878999492,0.7709650035619158,0.7867578654731507,0.828622099995
735.015625,1.556931019,0.15134740777169825,0.33942272605775387,0.6363334110250132,0.7244943705328605,0.7447413749513617,0.7616297606243062,0.7739637121351528,0.7904954111276883,0.8288854498
733.9840088,1.558902621,0.1509720331039038,0.3399460566851861,0.6397787301206261,0.7268482007701866,0.7458977683094641,0.7632560088599609,0.7747071822168339,0.7924037499505171,0.829280645879
732.9876709,1.568738937,0.16223217968202236,0.3452993677812394,0.6454875306667222,0.7334593744817511,0.7527406840898543,0.7702101816220017,0.7827973235169662,0.7987622352440987,0.828646728854
731.9909668,1.566558361,0.1538968788081519,0.3468977007661004,0.6445772425142638,0.7330597914946485,0.7511026595045376,0.7695148205473487,0.7805711018939728,0.7981923592254043,0.828179837384
730.9938965,1.560352206,0.15371718413028504,0.33954365526414715,0.6402919063793041,0.7282380160249395,0.7475753113431547,0.7655543556772009,0.7773729494593002,0.7933203125824967,0.828362823636
729.996582,1.542355776,0.15052322135411297,0.3261172109627436,0.6295089897395776,0.71667888710648,0.7372078662887654,0.7540963870242201,0.7653418420401361,0.7824471045493966,0.82875911045
728.9987793,1.569416881,0.15576448368479273,0.34259244171248676,0.6476343305457856,0.7344257841193913,0.7539951882805009,0.7720147546713007,0.7826099458227807,0.8003919399140075,0.828447395763
728.0007324,1.554890752,0.15062036595528913,0.3376069372491828,0.6360990047591032,0.7254375552487792,0.7448598908465712,0.7626340469720672,0.7743752840091338,0.7909475629701177,0.828361756998
727.0023193,1.569987774,0.1640701310501241,0.3475982554315241,0.6462810988990766,0.7351472654414047,0.7552040730840024,0.7726989379466966,0.7838885231406686,0.8000775126412027,0.828979399542
726.00354,1.559308052,0.14995880840342807,0.3394417999935497,0.6399008562334949,0.7294555886191465,0.747395713249558,0.7650754659274424,0.7778179584058955,0.7939819088069328,0.829144431807
725.0043945,1.555055261,0.15221035939695318,0.3393176279913474,0.6379811658115456,0.7251949250687276,0.7444572381509629,0.7628191858674921,0.7747265652741159,0.7916634846398519,0.829120189026
724.0050049,1.547823906,0.14816626330225152,0.330789350321099,0.6332429634603616,0.720791999625679,0.73925393000511,0.7587968857525874,0.7700211240999912,0.7863148261071904,0.829823499355
723.005188,1.563126683,0.15998896887947606,0.3442795020215081,0.6429009929065402,0.7311913179425822,0.7505857379009117,0.7681719945439631,0.7801490470962968,0.7964493708588531,0.829520785792
722.0050049,1.553741217,0.1493107648759708,0.33732546438675565,0.6359501602371381,0.7249802297024809,0.7440149127701284,0.7630123364637333,0.7737928208122689,0.7898521938339295,0.830264473334
721.0045166,1.546942353,0.1469919540479192,0.32945302953712063,0.6319467598694969,0.7198928888838089,0.7394035080752119,0.75714422725765,0.768871255524307,0.7852952496468214,0.830521046953
720.0037231,1.553387761,0.14804687840772562,0.3347515907612251,0.6361036764968369,0.7242657750642426,0.7438620716286463,0.7622232085166668,0.7732613427737283,0.7893830915493,0.831073813758
719.0025635,1.552002668,0.14272399297614508,0.3352646508078442,0.6339751398546171,0.7226879250054221,0.7428382673554277,0.7599336261874998,0.7715381810006741,0.7890353431568276,0.831835508404
718.0010986,1.555080175,0.15081828467919936,0.3350593188687448,0.6362265745065268,0.7244246004142113,0.7444926438325391,0.7622779584533939,0.7739761830364863,0.7897686202619578,0.831546685096
716.9992676,1.555588484,0.14879569670569853,0.3362689957150819,0.6353695308458375,0.7249346109631175,0.743828422472263,0.7626325025306432,0.7737491712000928,0.7907902625633402,0.831387695469
715.9970093,1.548303962,0.14477886056569764,0.33006076419282254,0.6308203671662127,0.7192840161402211,0.7386839380982474,0.7576593149909334,0.768288367836013,0.7852242061186636,0.831608863018
714.9945679,1.565680981,0.15594912093797353,0.33909916745802904,0.6413825461251765,0.7308547865401673,0.750599696044534,0.7676350536965262,0.7795840362429889,0.7957791841405418,0.831745086742
713.9916382,1.548031569,0.1476685705838337,0.33297078346669223,0.6291814158642192,0.71861400296266,0.7372870186202348,0.756116639744247,0.7677835317035354,0.7839614012517292,0.8325118153
712.9884644,1.563175797,0.1538845230176486,0.33956241956023137,0.6397281112181444,0.7274453553349199,0.7474396134885216,0.7656018468299256,0.776874561023204,0.7942619141196386,0.832155751268
711.9849854,1.556899309,0.14678986490462878,0.33441644917471247,0.6341274596612876,0.7229817727031383,0.7428916083019101,0.7603288657974752,0.771141918413643,0.7890094547505819,0.8332676025
711.0169678,1.544754624,0.14417313338586707,0.32465532803676955,0.6255797993872043,0.715848349058558,0.7338930317644478,0.7521285484044429,0.7629397669559336,0.7803203052580278,0.833719595053
710.0127563,1.558912277,0.14780841825838534,0.33453969484890705,0.6347260043010361,0.7229193775805508,0.742718516010724,0.7605164177449713,0.7719175708793239,0.7887099700554365,0.834685593997
709.0081787,1.557616234,0.14952675347385014,0.3326900056741616,0.6321583473728886,0.7212513331660739,0.7406981479855327,0.7589678544853993,0.7707229335188073,0.7870464237083864,0.835897949162
708.0033569,1.556105494,0.14733450884962118,0.328480732340042,0.6313941618762707,0.7194020102471718,0.7393563062218501,0.7565040020033563,0.7687551526811686,0.786069396149319,0.836380965476
706.9981689,1.560135722,0.15150949573959963,0.3302194545450591,0.6320240973754092,0.722001965577044,0.7412378109417488,0.7592850034135359,0.7706904808802304,0.787564715629682,0.837294067593
705.9926758,1.558142185,0.14509168477282347,0.329299744924202,0.630755771010545,0.7197090049361106,0.7395186841368954,0.75716888027918,0.7692198532235285,0.786560487193616,0.837709669512
704.9867554,1.555613041,0.13291646215723188,0.3272626388644706,0.6271472825400545,0.716501200098819,0.7357799807019049,0.7539155532867948,0.7661454100805015,0.7828012620952319,0.838286539048
704.0165405,1.557416916,0.14506017860826895,0.3314932248683687,0.6270509485730523,0.7170393382414005,0.7366042635094254,0.7548423670661332,0.7663227109454175,0.7837498717248108,0.839140754882
703.0100708,1.561062694,0.142810635738397,0.33217076773229104,0.6288859273351439,0.71839480939943,0.739055528618963,0.7564395804248902,0.7677105378986413,0.7844010431315813,0.84043327091
702.0031738,1.555848002,0.14085136843815307,0.3267276475164319,0.6246908241636371,0.7140692789205415,0.7345082562679287,0.75222893644921,0.7638888977259894,0.7819706661356148,0.841376161209
700.9959717,1.568216443,0.15054824127926777,0.33584327285282983,0.632293098947834,0.7216938900641325,0.7412379075907969,0.7599000157036915,0.7709663358547925,0.788296680069725,0.842189333781
699.9884644,1.568067551,0.14008664385750166,0.3334056957618939,0.6314343948927744,0.7203743660037272,0.74085519750641,0.7584696593473992,0.7698667196666341,0.7873202516440662,0.843497187922
699.0166016,1.57435751,0.14461376041231655,0.33494225108980175,0.634811759278299,0.7236269209697349,0.743684249882366,0.7624386571236181,0.7735245915901123,0.7914566466080126,0.844598628717
698.0084839,1.570888162,0.14525802024614212,0.33597902848960165,0.6312893340644411,0.7212274138222374,0.740497622846677,0.7591298268890232,0.7704045488820639,0.7877856083894134,0.845224200952
696.999939,1.577397585,0.15668010062008822,0.335826284126724,0.6362054547461754,0.7245914380479995,0.7436893076980664,0.7628990328801891,0.7731035019225752,0.7906105485167968,0.8460161279
695.9912109,1.578097224,0.1498669147217138,0.33514881834883886,0.6333382160851655,0.7238096462300853,0.7428867046582835,0.7614225554297293,0.7734020018597922,0.7910708469929962,0.847603505016
695.0180664,1.576321244,0.14195880393592594,0.331579635724728,0.6306199767659765,0.7216374795387005,0.7417569138858876,0.7588550334345356,0.7702017645393204,0.7882572197273802,0.849681287563
694.008606,1.559558153,0.13780459011346677,0.3255741113296189,0.620871443453986,0.7098715702409838,0.7296920217943824,0.7477819757046873,0.7588954782756957,0.7762098955437096,0.849210940371
692.9988403,1.535080552,0.11648138675495201,0.30320849292609336,0.6020907229911684,0.6931773970082457,0.7134692478806203,0.7302204299948608,0.74117221124248,0.7589511358195357,0.851355490699
691.9886475,1.566365838,0.13836691785446156,0.3230234043254458,0.6234755879241335,0.7120057053376141,0.732946449432864,0.7501893594904906,0.762046564113851,0.7796650607287066,0.851215912631
691.0143433,1.562742472,0.13762674938717914,0.31780214225856973,0.6187432547353837,0.7094242450209218,0.7301532282015859,0.7472410579303007,0.7591932451182228,0.7770052784072865,0.852556412255
690.00354,1.591553092,0.14864959340207648,0.342931366992631,0.6376485335374833,0.7279650184807798,0.7478784642324326,0.7646857864231936,0.7767847912237549,0.7950393043896181,0.853138518395
688.9924927,1.565213799,0.13259298064354408,0.32572422958498354,0.6197974064858089,0.709785622354294,0.7297210183225958,0.7477492335076352,0.759716729917729,0.7765796903484318,0.85433702677
688.0171509,1.555687904,0.1345727113715956,0.31093073113876285,0.6137873643954839,0.7028139975078088,0.7226274026200866,0.7405095724131988,0.7518122293496006,0.7697598059325543,0.854859373028
687.0054321,1.566851616,0.1380052120309266,0.3216972776840253,0.6197152430700889,0.7089798731677501,0.730415569151744,0.7472990318771637,0.7588095886893699,0.7759478441520264,0.855867404656
685.9934082,1.580680609,0.1449563929478372,0.33383705562157495,0.626754494913838,0.7172168322100781,0.7384314234801278,0.7554793103338175,0.7679236694547877,0.7843041685258691,0.857797751866
685.0172119,1.554345012,0.127257585897168,0.3121248093987877,0.6111798999139342,0.7003875597378898,0.7210632986211193,0.7376190907573543,0.7497871895866755,0.7670181688634531,0.858233291409
684.0044556,1.549913406,0.12198535700419282,0.30687497497123634,0.6077542329641729,0.6972329793111307,0.7176236159399316,0.7351685590016193,0.7470896259086194,0.7642791178689481,0.858579910264
682.9915161,1.58030808,0.14307203125098358,0.3331903245000923,0.6264197006679392,0.7166598520375935,0.7359400226509162,0.7545951228657085,0.7651846382176284,0.7841951123181861,0.859842145731
682.0144043,1.589878321,0.154050704966675,0.3322682984114341,0.6319644439893902,0.7217079639015884,0.7433587993710473,0.7605543146011066,0.7716512531965509,0.7907333310269875,0.860806730567
681.0006714,1.577612877,0.1470713384148378,0.32229458693905827,0.6234932331771174,0.7138297957293671,0.7347443810342383,0.7525675535147625,0.763333211368141,0.7814626061873358,0.861995837166
679.9866943,1.566635013,0.13305847342307442,0.31857868302746545,0.6165086158353744,0.7067619528040481,0.7259582607403713,0.7439367645652638,0.7561154234043168,0.7737722413019584,0.86279228155
679.008667,1.553805947,0.12088896489094891,0.30546097024762636,0.6069899320976123,0.6975349930760716,0.7172803080270818,0.7349296546682828,0.7474096323319362,0.7644918248688876,0.864229279225
677.9941406,1.56701684,0.13696125332183037,0.31701563990079057,0.617016733824905,0.7057278394069978,0.7273378438925515,0.7430061280310498,0.7560629897410565,0.7732197783712424,0.864963840169
677.0154419,1.562401056,0.11857247053069844,0.31163900801130573,0.6142006545107519,0.7021898924985299,0.7216800479382348,0.7409802574879361,0.7527980598102033,0.7701744859932812,0.867041670976
676.0001831,1.578619123,0.13216795349897065,0.3214528715453263,0.6233330371855882,0.7109794884009933,0.7315614609300349,0.7501719850103088,0.7619553657611463,0.7794292262982102,0.869037685514
674.9846191,1.583883524,0.14302724232013614,0.32409369601345334,0.6251473200309757,0.7144126451337555,0.7358475688970374,0.7523303094462397,0.7628823529516786,0.7820917885753262,0.871003786394
674.0050659,1.583591342,0.14190559837584452,0.32397732265662527,0.622604373712162,0.7139129633364703,0.7340010264520566,0.7523100194296264,0.7629135698168709,0.7814361384698054,0.87287338916
672.9888916,1.564198494,0.1266813580538024,0.3159730713314876,0.6120291058032269,0.701471712402246,0.7230443995372839,0.7398170299668166,0.751130787486882,0.7688862174058648,0.872651405989
672.008728,1.587206364,0.1352772045505069,0.32326325461457933,0.6263688116404371,0.716608885794498,0.7363290651265197,0.7542516025451987,0.7659428386636434,0.7826315678083797,0.874865513638
670.9919434,1.582397223,0.13177165223936466,0.32504892739838925,0.6229803274321288,0.7127234226585633,0.7334533517302461,0.7500984120884644,0.7623809146939788,0.780103370963464,0.875446336004
670.0111084,1.567086577,0.13485989831748887,0.3141889428595452,0.6116657778044494,0.7024395112727854,0.7228333526078241,0.7401973461086961,0.751933139057761,0.7708261204992777,0.876867889329
668.9937134,1.585390568,0.13848838795867757,0.3298177475461352,0.6238709627261753,0.7141641267464839,0.7338961788828812,0.7517909358541641,0.7641375710626732,0.7811410362130313,0.877737230933
668.0123901,1.564033151,0.12407458812392393,0.31116463608631956,0.6103998844433366,0.6974457639153324,0.7186335013251067,0.7370538864763939,0.7490489895987987,0.7676500926641211,0.877355456893
666.9943237,1.559080601,0.12342376431687972,0.31128764985462115,0.605308470502114,0.6958260212229761,0.7157839465896555,0.7333923851609142,0.7458795057204022,0.7633841970446912,0.879898181153
666.0123291,1.557247281,0.11702772983166763,0.30744448466930946,0.604247831475838,0.6939005773972041,0.7149669417404795,0.7327976240852409,0.7452131409148498,0.761756654864844,0.880217714566
664.9936523,1.563306093,0.13161056768550808,0.31011009715669824,0.6068490799725649,0.6978468526065057,0.716712980187747,0.7347213880831879,0.7477523804965125,0.7654784854618972,0.881387824639
664.0111084,1.563854694,0.12540279932725265,0.3087820401254435,0.6072506708242078,0.6968957332110297,0.7174071830932776,0.7372927325093663,0.7478305865482939,0.7657212700731354,0.882990028315
662.9918213,1.565756321,0.12955863519539812,0.31307834165200055,0.6080679460575172,0.6978617758154888,0.7180870231211027,0.7363123078528595,0.7486762407146261,0.7658836674216357,0.884559055585
662.008606,1.573509336,0.13754080169482374,0.3154034074613407,0.6123745955748152,0.7033525608543795,0.722762270666204,0.7415219290212527,0.7531619092085706,0.7718663733781177,0.885945280056
660.9887695,1.556999207,0.11978160712699484,0.3069236253295343,0.6014713673886639,0.6913118969690843,0.7120126942557089,0.7291428028254828,0.7407297896660447,0.7593942337449733,0.887783443961
660.0050049,1.587867022,0.13549774964573347,0.32287822799761307,0.6209138385071044,0.7109825772190628,0.7317004404473866,0.7497039254600807,0.7618029495645404,0.779261462336414,0.8895454867
658.9844971,1.563446879,0.12313302428768416,0.30729035016663825,0.6055231847835901,0.6951123579797917,0.7155909307968119,0.733694514295798,0.7456928993400339,0.7642591946911815,0.891548953126
658.0001221,1.564968467,0.11825987822946551,0.3099922572218216,0.6050178470088683,0.6960344037610173,0.7156164143394177,0.7342474214105104,0.7450895286609212,0.7633810888579452,0.892960419387
657.0155029,1.567371368,0.12597362143130036,0.3074861843286401,0.6049848729059235,0.6966922928596334,0.7162568513535897,0.734882008890037,0.7463094366381585,0.7644732723326815,0.895207027676
655.9940186,1.553644657,0.10972688988979598,0.29836121538721844,0.5975110180827936,0.686769547695131,0.7076568737578615,0.7249957509436435,0.7362666891134961,0.7542252117841488,0.896592624705
655.0088501,1.570532203,0.12397296411143746,0.3083099075822214,0.6078684827626267,0.6972708569281458,0.7171660976137627,0.7347188207942644,0.7476521278381465,0.7658562152700679,0.898856810618
653.9868164,1.568880916,0.12856463860279244,0.31058230808152093,0.6054108664114214,0.6957391470082783,0.7170474466560428,0.7341829607708001,0.7463372369076784,0.7642220902017729,0.900098466574
653.0009766,1.577321887,0.12935036815685608,0.31580125303281403,0.6085714309171106,0.7003797215778242,0.7197784659332735,0.7398375708693303,0.7508626740233375,0.7690324557719974,0.901533195847
652.0148926,1.563562989,0.12231702388900369,0.30396943510867697,0.6001091777614509,0.6901690552715098,0.7120290068271472,0.7289245933723992,0.7409205266272111,0.7598677562336543,0.903196076339
650.9920044,1.581258416,0.13272742387434158,0.31731603187915797,0.6119575984632832,0.7009611616032989,0.7217509953355701,0.74002498762476,0.751570371390261,0.7704411515996721,0.905772189281
650.0053101,1.561664343,0.12175832566956651,0.29828492093959835,0.5977374320165638,0.6870536461468457,0.7093627571815566,0.727078784734668,0.7383398964429257,0.7571275668921507,0.907966566857
648.9817505,1.574865103,0.12558403896476875,0.3070913502948646,0.6056867405603256,0.6959310812645895,0.7166864162746157,0.7348117955590641,0.7469206461251185,0.7653055093179921,0.910469309633
647.9945068,1.57635498,0.12053814698430519,0.311364485200064,0.6071137182809605,0.6971085945125994,0.7166488281512976,0.7352932911407646,0.7468439452591825,0.7657840126011148,0.912211911792
647.006958,1.556863308,0.10990395910793174,0.2930807246848653,0.5928107318268646,0.6839101859963179,0.704470690906169,0.7216601635625993,0.7339342297167559,0.7518357822432593,0.914492516902
645.9825439,1.585900784,0.12688329237723697,0.3148766792182436,0.6115889815202507,0.7011367060078,0.7223463936990014,0.7403072523356882,0.7520363849215991,0.7708898481738543,0.916801645788
644.9943848,1.569298029,0.12071343998468052,0.3074796980892404,0.5996536476720331,0.6909097458509421,0.710621604554996,0.7296650716089498,0.7404701317634217,0.7598574859767321,0.919394361379
644.0059814,1.577831149,0.1344602765282551,0.3059690883667132,0.6046313139752715,0.6960692690629963,0.715628016630104,0.7347910420545559,0.7458737525109141,0.7648408087756322,0.922343039624
643.0172729,1.562652946,0.10953082446968308,0.2990358237994798,0.5957664278813491,0.6849017503625106,0.705671757501285,0.7234519368965112,0.7354671562356663,0.7536621894267045,0.924495437634
641.9916992,1.566541076,0.11504467922177035,0.30163904129383773,0.5977856184335197,0.6873294046666943,0.7085985143562474,0.7269655779945067,0.7374834896165475,0.7560273520888092,0.927930737488
641.0023804,1.54724133,0.10503976928120633,0.2882661115444454,0.5832571828519016,0.6735112920412873,0.6949016782778474,0.7119409163372975,0.7238283918052748,0.742680059730206,0.93064586862
640.0128784,1.57152319,0.1144147826543194,0.3013714685337812,0.5991495838250457,0.6903082670186452,0.7100593735926056,0.7274124595487975,0.7394131033434741,0.7578296853028966,0.933177772202
638.9863281,1.549517274,0.10657709741282967,0.29163984673230314,0.5845128064095395,0.6758691768746038,0.694937335557884,0.712775720741088,0.7255032129245212,0.7429823631831783,0.935690254573
637.9962158,1.564183116,0.1145730091947701,0.30243774462226425,0.5941650058193059,0.6834907181801327,0.7037558890568731,0.7221062921352984,0.7337412529203781,0.7527761097878888,0.939816321044
637.0057983,1.556414843,0.11356773860730658,0.29060499972233755,0.5888045134787343,0.6778711473777793,0.6988589773086668,0.7157658189335475,0.727181296596922,0.7472158450957188,0.942509694999
636.0151367,1.560409665,0.10882216151917318,0.29398259568986396,0.5907401114141474,0.6803847490504273,0.7012626927060029,0.7183515263022098,0.7302485965850017,0.749047830976229,0.945201427993
634.9874878,1.562014103,0.11246177033536431,0.29756282105072185,0.5913179222419555,0.6808347967031595,0.7012373062011144,0.7192358683310619,0.7311660280867417,0.7494234756394876,0.948086755573
633.9962158,1.559272885,0.10608148925632023,0.2921471149616373,0.5910356384214631,0.6788524019075802,0.698835945555485,0.7163609461355076,0.727943801617933,0.7471380246036787,0.951355565717
633.0046997,1.561981082,0.10875698624655535,0.2976740976601616,0.5903391768950481,0.6791146853347124,0.7005578332064705,0.7189997246495229,0.7302177273843146,0.7483894782601618,0.953859650179
632.0128784,1.557012439,0.10916448506276413,0.29104199722722945,0.5872593089031396,0.6761619241205581,0.697186666020096,0.7147519956178887,0.7266240267364058,0.7453401127596502,0.957847470681
630.9840088,1.558216333,0.10757055310761264,0.28952737190517774,0.5869447077009152,0.6765077607145346,0.6966006115208009,0.7152511363877949,0.726764357332307,0.7452339326384856,0.961310435224
629.9916382,1.563837051,0.1128510444577477,0.2905679329986093,0.5911606987268803,0.6803474122664569,0.6998205403074812,0.7177536571045686,0.7292543681512815,0.7484253474296326,0.963816083431
628.9990234,1.563943863,0.10520919402604158,0.2958177674261606,0.5897134116209555,0.6801874093786894,0.6997933586048247,0.7172693041572441,0.7300917016896459,0.7474403860331243,0.968317350447
628.0060425,1.56345129,0.111126763252924,0.2955627039808998,0.5884109531783586,0.679066846452705,0.6992057792271168,0.7167579425297885,0.7286308038454907,0.7463111743129003,0.971661876375
627.0128784,1.561765313,0.11254972550359087,0.2939984261820691,0.5866000291465047,0.6780065936987305,0.6972913782676483,0.7150629860842282,0.7278818507441204,0.7443220421329084,0.975152833708
625.982605,1.553542852,0.10148471801757718,0.28764524959008825,0.5799809013867064,0.6709871876875985,0.6912190374446713,0.7090257038613264,0.7215613582431619,0.7400062612239123,0.978979068014
624.9887695,1.54989481,0.10306351455042033,0.2892103779264533,0.5782865438802203,0.6679215673977872,0.6883850433355174,0.7060312432469539,0.7182127979298711,0.7365072153629627,0.983605665719
623.994812,1.566422701,0.11357862652419769,0.29551521315206625,0.589739937250181,0.6791700146475026,0.699006779290565,0.7170819259448332,0.7276827928958735,0.7468635599632446,0.987291279418
623.0004883,1.538695335,0.09350602686763534,0.27377748384012035,0.571551853721659,0.6599485128566052,0.6806986547293079,0.698026025949561,0.7099971903594529,0.7279098241009435,0.990827488651
622.0059204,1.555109382,0.10636767278816871,0.2911687946891627,0.5809419634558365,0.6704685678591438,0.6908901896415784,0.7085816221496334,0.7206615339048349,0.7389163366291731,0.994994579146
621.0109863,1.554942012,0.10211639145057015,0.28912211311851493,0.5799511714399121,0.6711448360179935,0.6909053443030071,0.7072155138310567,0.7200358070442043,0.7373964414724301,0.999075374477
620.0159302,1.561565638,0.10644095634587272,0.29093234266347573,0.5842569713913486,0.673764695156956,0.693942007125849,0.7114090528685721,0.723302339263398,0.7415068707497595,1.00398439094
618.9835815,1.566238642,0.1130357587969657,0.2941639124134171,0.5872103504598064,0.6763032396687221,0.6962269944794283,0.7139416706300994,0.7262190959864587,0.743882805829256,1.00804900831
617.987854,1.544110298,0.10313826468617292,0.27783269975760605,0.573007133742727,0.6615596647311952,0.6826803737588887,0.6998843834167789,0.7105956579779427,0.729170042310278,1.0126992358
616.9919434,1.555977106,0.1063495251803805,0.28895253420160555,0.5804124159366869,0.6684194535438575,0.6888210170212371,0.7071225967188395,0.7184517213727716,0.7367822205773286,1.01638031282
615.9957275,1.562208891,0.11202006280883299,0.28881901859437953,0.5834903150605208,0.6727011216790192,0.6930590163698809,0.7103684914512497,0.7221968151754521,0.740529032556518,1.02128888516
614.9991455,1.54949832,0.10759541886069347,0.28235224892515765,0.5754083786297444,0.6639730720458417,0.6845823617287189,0.7020263374991328,0.7134598464934581,0.7312261452845464,1.0248765626
614.0024414,1.55358696,0.1014590807563446,0.2867024510816926,0.576977830521113,0.6667853285403407,0.6876561098666273,0.7027393824345666,0.7159340460593476,0.7335840684017687,1.03024265378
613.0054321,1.554720521,0.10877397497266104,0.28577084948211784,0.5784409869213739,0.6671167250410182,0.6871014076837034,0.7048222422313932,0.7163003273602369,0.7332766104840476,1.03346632785
612.0080566,1.547769189,0.10613508089436853,0.28527972008913693,0.5728102573645492,0.6619024902409211,0.6821102853973126,0.6988447104322275,0.7110359757533496,0.7295276171643453,1.03906649694
611.010498,1.545238137,0.09993055597970385,0.2789872400062455,0.5709029991713584,0.6594364950909402,0.6798556071722558,0.6971133823976139,0.7093848230272612,0.7264519767261739,1.04412679054
610.0126953,1.55550456,0.10618450276081821,0.2865158063526404,0.577507956509431,0.6665076778497854,0.6866758390583035,0.7035997080170867,0.7153031064983824,0.7328520457261397,1.04925955654
609.0145264,1.550913811,0.10117050367065794,0.2824334859480917,0.5745665858260846,0.6639953118209657,0.6836531540068732,0.7009853129178064,0.7127477473194869,0.7304244304831999,1.05284744639
608.0161743,1.550386429,0.10163267527277846,0.2851563202428683,0.5747892928931475,0.6636779695299548,0.6833487849719999,0.7003171142419115,0.7122944757213969,0.7299385906174777,1.05694972864
607.0174561,1.546119809,0.10162657446356373,0.2780859092512876,0.5709080572461717,0.6596320202610121,0.679593632931388,0.6963024010772809,0.7079528062765986,0.7259805194955029,1.06351047668
605.9815674,1.553113103,0.10648883325267317,0.28447537976328136,0.575415212598427,0.6641888676695158,0.6841620828896905,0.7010346188313097,0.7129002406021298,0.7301689426112883,1.06778229899
604.9823608,1.547793746,0.10202928487653254,0.2823303953575565,0.5722239136306698,0.6609229726733019,0.6802080661045932,0.6976970621287437,0.709885006920238,0.7271736321071633,1.07254687234
603.9829102,1.557306647,0.106310373894744,0.2895140897866666,0.5788837754662125,0.6661981351110434,0.6870293983128465,0.7033205906189266,0.715127967993972,0.7331122633770366,1.07770102881
602.9832153,1.556965113,0.11065200460218903,0.2870208358479922,0.5784069323831255,0.6660860869934515,0.6863861040626071,0.7032760341121974,0.7155421657811312,0.7328216981841551,1.08225086819
601.9832153,1.545904517,0.10030724305347306,0.2840262590215608,0.5715540546251828,0.6598595922991267,0.6805269719465917,0.6970772234105552,0.7086288428534465,0.7257369432300982,1.08637772626
600.9829102,1.535530448,0.08892307864522604,0.27338149157244424,0.5645592440477765,0.6528602256778204,0.6723201488159269,0.689430430792204,0.7009956797589986,0.7192294396146881,1.09186412866
599.9824219,1.542938471,0.10150703539696385,0.27998023253702475,0.5701879659343955,0.6572337102791029,0.6766018555588853,0.6943432697464419,0.7069317243712719,0.7232573382487817,1.09652082341
598.9816284,1.540295601,0.0970336646522712,0.2774691406302739,0.5666105589426957,0.6554543312787128,0.6749287914182792,0.6925186195416367,0.7039407576329433,0.7204700048360545,1.10310562605
598.0177002,1.547531605,0.10138695608032311,0.28407653012998135,0.5723531827689294,0.6606284495334783,0.6801546868094267,0.6968565243375889,0.7087024545774224,0.7253412792582502,1.10652940064
597.0163574,1.544775486,0.10064392959963495,0.2817957900874847,0.5702325227002373,0.6587252456123869,0.6785019897714709,0.6950040163402381,0.7075601344737723,0.7236461296441503,1.11232951581
596.0148315,1.547853708,0.10613932775200419,0.2818076049801654,0.57231260247659,0.6607565985274084,0.6814443645814222,0.6965623289753681,0.7087110452008542,0.7251768741099878,1.11761591422
595.0130005,1.544597626,0.10573569101102766,0.28141717262388105,0.5715914688190813,0.658976138767824,0.6796058149220281,0.6962777290757437,0.7079975564700931,0.7250486673339188,1.12261095552
594.0109253,1.545495749,0.10452006882311356,0.2829772035650764,0.5720870772347034,0.6602115302205435,0.6792320045825594,0.6961674181146682,0.7091842789731764,0.7251675115249566,1.12637755542
593.0085449,1.533630133,0.09172012282571423,0.2747628318975992,0.5647402516498433,0.6534470328348164,0.6730193134711135,0.6890615626393801,0.7012847204621364,0.7174276665375434,1.13194071615
592.0059814,1.543882966,0.10336406070086152,0.2854957093347982,0.5723016757575676,0.6597245317970296,0.6790388729663256,0.695341088640476,0.7073435664350515,0.7245172472718517,1.13698440704
591.0031128,1.548206806,0.10579013189104662,0.2857090724729466,0.5749953971177371,0.6624459371498815,0.681925686946263,0.6985087190207405,0.7110180022693157,0.7265035800626929,1.14221242592
589.999939,1.542950511,0.10182657839716405,0.2826175052174127,0.5713747462196174,0.6596284295415857,0.6788617652699493,0.6957235287293986,0.7071411300159254,0.7231737650654788,1.14749032997
588.996582,1.545290589,0.10724684033581383,0.28446364195663754,0.5736301961471607,0.6611752554503066,0.6809164583470788,0.6967432205597102,0.7089019948935714,0.7259060777686765,1.15166454418
587.9929199,1.539662123,0.10062400642186821,0.27993474918406236,0.5702394728162009,0.657108379654331,0.6768544475221546,0.6937009790398037,0.7056801359113914,0.721314152974425,1.15688735063
586.9890137,1.549698353,0.11244686681894858,0.2887712181258342,0.5772818520210378,0.6644131965231522,0.6829253982053383,0.6994514407022118,0.7116171070460071,0.7279634162572172,1.16181644463
585.9848022,1.537357569,0.10325595044897547,0.279403619263474,0.5689738106484209,0.6567926204773186,0.6765819131419986,0.6924468421414509,0.7044735868148113,0.7206252396609313,1.16677368598
585.0176392,1.545888662,0.10924780664760655,0.2874157469678048,0.5744131074616226,0.6620370871903453,0.6814867592458713,0.6981076491800182,0.7099030186233997,0.726083571672576,1.17216587798
584.0129395,1.536194921,0.10129645253840239,0.2819284571005217,0.5688651599521592,0.6565455114689608,0.6755714685267752,0.6917571954093765,0.705027265891123,0.7197084841195245,1.17654206532
583.0080566,1.536711335,0.09829438476296257,0.28142860143859477,0.5688979787170227,0.6570329338656778,0.6762504777096333,0.6916818846184556,0.7042619027919279,0.719843563666407,1.18101381434
582.0028076,1.533500671,0.10043079771959758,0.2828703286331277,0.5675580677966218,0.6555676150401333,0.6749303355358122,0.690409330246407,0.7027923753926535,0.718837346604921,1.18637465441
580.9974365,1.535607815,0.1056743771658602,0.2828284748017231,0.5686947316637228,0.6554771116925472,0.6755692675584731,0.6913595232490973,0.7033415565958729,0.7194600234496135,1.19233577667
579.9917603,1.539685726,0.1074667674471809,0.28524064588953735,0.573313780702383,0.6598996703662184,0.680049259734632,0.6952799869438557,0.7077448291204226,0.7236654349028354,1.19656142049
578.9857788,1.545863748,0.10792708574550407,0.2873948203759933,0.5757324391956041,0.6630770311420332,0.6833911604621071,0.6979182636860705,0.7101558233182198,0.7265044684954639,1.20161970628
578.0168457,1.539970756,0.11181225958207644,0.28783799512835506,0.5729290244047718,0.6602966284118152,0.6800415572848585,0.6947442817402473,0.70755563660068,0.7230267932807658,1.20629111177
577.010437,1.539301872,0.1067903063789041,0.28628730779218364,0.5728950078913163,0.6604725002052502,0.6796851211664586,0.6957137020734692,0.707163582004375,0.7221461382964972,1.21161812875
576.0037231,1.537243843,0.1079646927192732,0.2811607967726455,0.5713893796110125,0.6591193460332472,0.6785477435085663,0.6940080698595651,0.7060620930789647,0.7220913689910937,1.21574149255
574.9967651,1.53089726,0.10295833875019489,0.28229742196717167,0.5688183635454405,0.655728352253376,0.6748870146729115,0.6902932279862721,0.7031141003811482,0.7185108926795574,1.21925411054
573.989563,1.53521049,0.10737193931380586,0.2848823376816674,0.5724015617714213,0.6588182588554269,0.6781627357420512,0.6931319327000691,0.7057818364269113,0.7208846653337706,1.22366802061
572.9821167,1.531880379,0.10771364552131876,0.28313334554361874,0.5709114167074871,0.6578210193374557,0.676992674252249,0.6916797420152959,0.7040575361125239,0.7195321871221007,1.22866348667
572.0117188,1.531410933,0.10524548859383624,0.28302237857389057,0.570615580837798,0.657467769204399,0.6763745539696822,0.6925674238128959,0.7043244527343712,0.7197618636090255,1.23291801132
571.0037842,1.537418604,0.11026249922169448,0.28946683021594394,0.5747384424086639,0.6618050751908334,0.6812868906986722,0.6963078647282939,0.7084997670780613,0.723852427231614,1.23768254606
569.9955444,1.527313828,0.10267501193618868,0.2829811414307819,0.5690020346320315,0.6559141469631193,0.6758974010525489,0.6900828564989199,0.7029895414588627,0.7185508737089319,1.24114126343
568.9871826,1.532199979,0.10729873348992078,0.2861298527598847,0.5717866463894267,0.6595683512754688,0.6787204111787671,0.6936724649147142,0.7063975439165199,0.7215785597008186,1.24487643412
568.0157471,1.531901717,0.11221983483654041,0.28808873333437984,0.573067521000774,0.659838896900648,0.6793891308008047,0.6936834494806533,0.706284047229214,0.7216921524541688,1.2480188904
567.006897,1.527506471,0.1098413322090078,0.28433004926337463,0.5710153569934402,0.6580342668465486,0.6771460750124486,0.691863066149942,0.704081146658765,0.7188944331554639,1.252531258
565.9976807,1.534976125,0.1171029437792059,0.2909377477550119,0.5765069332330501,0.6636672357851378,0.6821221004195496,0.6968652117396252,0.7098816286084717,0.7246059365064409,1.25581954727
564.9882202,1.529774666,0.10720861602596693,0.2903560370862914,0.5727926123058997,0.6604917286370109,0.6791540491575654,0.6938735306922797,0.7072152435117016,0.7217710345958396,1.25911938111
564.0158691,1.523049355,0.10712429037929785,0.28415452435710636,0.5699470732995294,0.6564479033798896,0.6755763914095217,0.6904886373977323,0.702891045843915,0.718392145267124,1.26325498448
563.0059814,1.534237027,0.11560770138488011,0.2905574311596851,0.5766701794348521,0.6638308681296846,0.6840134697553928,0.6972155659640397,0.710964313917441,0.7253799863598903,1.26709826549
561.9958496,1.531686544,0.1087775267604,0.28979023399581294,0.5767118403568297,0.6631430164658217,0.6826384036506468,0.6961145400730767,0.709946378482766,0.7238992038809872,1.26822099045
560.9854736,1.532348514,0.11538738884332789,0.2922640292162881,0.5777912445213061,0.6641384808024833,0.6832265432948537,0.6971062012178738,0.711223122513315,0.72527158687342,1.27125769169
560.012146,1.527459502,0.11251003396791337,0.2895925471777956,0.5748923448758858,0.6618744199759371,0.6797758952220689,0.6948160974243388,0.7080377306680072,0.7226897205270807,1.27462219871
559.0012817,1.530846953,0.11549711984533678,0.2928777085657851,0.5772274876440521,0.6642372853445826,0.6836449101410516,0.6976206896881921,0.7106541918026358,0.7252711616694308,1.2774279301
557.9901123,1.52807188,0.11320533706609318,0.2922422520869423,0.5765513738516109,0.6634491229811023,0.6821731434895693,0.6965518654203495,0.7097284591711611,0.7244678831875406,1.279603842
557.0161743,1.524582148,0.11290533181347456,0.29042337465463636,0.5753874902570605,0.6618422189358205,0.6799060140557465,0.6942614536065574,0.7076922802167758,0.7226530792664542,1.28197392774
556.0045776,1.525897264,0.11503286368130776,0.29128393207827136,0.576439788574132,0.6634683896967689,0.6819784677558026,0.6961599270361036,0.7095590348797731,0.7238232756892102,1.28440216129
554.9926758,1.524110913,0.11601064370374152,0.29167737597225335,0.5756479196678354,0.6622968993298203,0.6815791355898221,0.6955280227336686,0.7089506059315126,0.722861615782235,1.28702495469
554.0180664,1.518399358,0.10808600800363351,0.2864172716116707,0.5722412114134836,0.6594589282289387,0.6782879701712223,0.6922737306111445,0.7051946628845158,0.7198784294218332,1.28893823589
553.0057373,1.525737166,0.11625219312459856,0.29503489458993926,0.5773977999147641,0.6650105632364329,0.6832513888371416,0.6978409064228124,0.710891899229497,0.725540201720096,1.28989999245
551.993103,1.521418452,0.11201929065289923,0.2896542471009299,0.5760938358976527,0.6624649143070731,0.6809443353787448,0.6955150494775311,0.7086355417596191,0.7226949329683025,1.29222532825
551.0177612,1.515620828,0.10820060514270131,0.2882824058484363,0.5722555746798583,0.6592625730560163,0.6781660952681449,0.6920840937130711,0.7052734869201572,0.7198457261564689,1.29337322751
550.0047607,1.517529845,0.11379492411400699,0.2894821198103265,0.5738592355406621,0.6605975799441218,0.6796948704124604,0.6933830380688314,0.7070856074698174,0.7214543871156126,1.29418586909
548.991394,1.520291448,0.11576469325317515,0.29263870816640414,0.5763184739375538,0.6631784423581909,0.6822864667009026,0.6958722191440679,0.7096057930673643,0.7235924222474902,1.2962698101
548.0153809,1.51907444,0.1147620474776607,0.29339339471991716,0.576102369062837,0.6626325625750354,0.6815408531739456,0.6952718401805293,0.7088082287337181,0.7229667338650998,1.29744635854
547.0015869,1.521319985,0.11782033235087976,0.29409688318922006,0.5775950625004652,0.6647730102407586,0.6830033530473286,0.6970093454626128,0.7107340775526861,0.7252930153665884,1.29837877091
545.9876099,1.522946596,0.12086541219162455,0.2958644860990606,0.578936015960933,0.6661591190174733,0.6849587587905656,0.6984720581323246,0.7123667935659582,0.726652733641366,1.29905612028
545.0108643,1.521250248,0.1205891131626224,0.29543289498126846,0.578382259928141,0.6653755900430428,0.6842127402704125,0.697791735830932,0.7113326418202239,0.7257893768285804,1.29955288693
543.9963989,1.516682267,0.11754773992947211,0.2929808768901391,0.5756459506054262,0.6630241146222016,0.6812138774603232,0.6953991784755073,0.7092100319930209,0.7231827225925356,1.3
542.9816284,1.519280195,0.11937233209302592,0.2942680841518157,0.5782561182157477,0.6646502859013756,0.68364579831471,0.6973765536745136,0.7111993571472182,0.7249782022749295,1.29982988083
542.0042114,1.518962502,0.11813555075962551,0.29568803486478445,0.578013912462347,0.6651834623590792,0.6839017685249674,0.6973714954701439,0.7117039037212204,0.7259623529077073,1.29966072686
540.9890137,1.515993237,0.11929433786590057,0.29334760237502494,0.5765702544245326,0.6636265781476486,0.6823813328590709,0.695884805739235,0.7097009681526839,0.7243338649663976,1.29956802235
540.0112305,1.518357873,0.11809794443363825,0.29566455989927903,0.5779751089707715,0.6651873237865297,0.6834661810467709,0.6972707023026246,0.7114874905023556,0.7254681542596679,1.29982100033
538.9955444,1.519390464,0.11968762823559047,0.2966417990238901,0.5789539315980502,0.666050082308023,0.6842885526387993,0.6980181303960257,0.7118399493051366,0.7264806261728863,1.29984713988
538.0172119,1.519105911,0.11981257239372665,0.29627314314916997,0.5787576725559503,0.6658401357655469,0.6847338894277755,0.69804851680492,0.7124128561654272,0.7259437426541407,1.29828668412
537.0011597,1.518356323,0.1205011579943957,0.29689215115194784,0.5789209576894399,0.6657598446336315,0.6839386419505995,0.6978638606365097,0.7121072516162816,0.7263568396656472,1.29768759891
535.9847412,1.516005754,0.11847725631935667,0.2950723467438525,0.5769503778513196,0.6644510346902542,0.6826224767037279,0.6964234650870719,0.7106635162333176,0.7245602208589167,1.29716310972
535.0058594,1.514998198,0.11677374818205227,0.2937465297421439,0.5762426423948248,0.6633240823682528,0.6823961600667875,0.6958309249313807,0.7097874956097714,0.7236663040317082,1.29529071729
533.9889526,1.518551707,0.12043551955777394,0.2972760972688324,0.5789022700259455,0.6661860113559892,0.6847081939309568,0.6985906704174698,0.7125899253187847,0.7264893133158099,1.29328959648
533.0095825,1.519296288,0.12244822302842844,0.2968338488444785,0.5797412440717781,0.6664982760739541,0.6850318295519404,0.698946005501104,0.7130412854422695,0.7275285230068012,1.29221038587
531.9922485,1.517414451,0.11983496750693211,0.2957024758649781,0.5782443037117361,0.6653021525075994,0.6845103718560949,0.697404353814477,0.7116479765058071,0.72555533766063,1.28961508336
531.0124512,1.515695333,0.11817369798343563,0.2953122741190231,0.5772780291366059,0.6643235997462282,0.6830591069811042,0.6962063179314009,0.7103056713190079,0.7247681979503146,1.28829424631
529.9946899,1.514481544,0.11834814174184015,0.295607956075751,0.5759106660646368,0.6634330993851355,0.6826732885156366,0.6952924966473203,0.7096351367418567,0.7235071497381295,1.28596261698
529.0144043,1.518238425,0.12091622355008591,0.29691941045886683,0.5787321508589951,0.6658361395346989,0.6847301055398093,0.6985046069665024,0.7126299068016064,0.7270841707166406,1.28348411213
527.9962158,1.518709779,0.11864652624433622,0.2973318518503896,0.5788858993484775,0.6662037147150027,0.6844103311519416,0.6984430616041112,0.7129071326768417,0.7275023260620729,1.28109838907
527.0155029,1.516786814,0.12049034716354166,0.2951977553615561,0.5775224359878649,0.6644836419543526,0.6836466287710078,0.6969452133778437,0.7113983576019955,0.7251968169803217,1.27832563133
525.9967651,1.515566587,0.11971851641628523,0.2959483485817257,0.5767516480397881,0.6639782067532444,0.6826755665699756,0.6966937407167871,0.7106213918882233,0.7252523774216666,1.27572507771
525.015686,1.513973951,0.11855308825075472,0.2944338016412747,0.5758829049859174,0.6628947490292286,0.6815650040350059,0.6954570174246385,0.7098851803962104,0.724701382040672,1.27158310359
523.996521,1.522830248,0.12392578162675184,0.30133424763797895,0.5814531317851961,0.6687365255802916,0.6870603644216946,0.7008977048958589,0.7154841142947839,0.7299587647459228,1.26877169641
523.0149536,1.518852711,0.1219143905620721,0.29670766936640475,0.5786793701790118,0.6663409954893003,0.6849930647977182,0.6985837787314266,0.7130936808216242,0.7278521013638715,1.26452311781
521.9953613,1.514118552,0.11837918474239076,0.2957496577018819,0.5761498216077647,0.6633510709023693,0.6820366737381149,0.6955705525254063,0.7102007079912206,0.7245656844451515,1.25996874162
521.0133667,1.517603517,0.1197212973436539,0.2978344100580844,0.5777697769668938,0.6650918588188438,0.6843385152087372,0.6975343178282986,0.7125273569145595,0.7267191253186923,1.2560446096
519.9932861,1.518752933,0.12265710805083029,0.29824229430447835,0.5783470470912137,0.6659549454418309,0.6851651146783936,0.6981290594057392,0.7128314556300779,0.7278654029158372,1.25160595005
519.0108643,1.517556667,0.12126935792453092,0.2983654622448541,0.5782578556313767,0.6657154421046421,0.6845101590597659,0.6976546672051818,0.7123894000503729,0.7269918136118096,1.24746470949
517.9904175,1.519395351,0.11938476496956613,0.2981674664349068,0.5792238206963516,0.6662875190916383,0.6849532952043308,0.6985435844522758,0.713688228906634,0.7280384366475466,1.24246951376
517.0075073,1.521078825,0.1236644638479842,0.3007004896430775,0.5804725716775101,0.6677050764451035,0.6860532787495612,0.6996598810223917,0.7146650246245866,0.7292382677283905,1.23779355216
515.9866333,1.520218015,0.1224332424259758,0.2995905064193925,0.5795646773380028,0.6672812458183364,0.6859219635276337,0.6994506106345831,0.7140323287975414,0.7288908864986555,1.2325217486
515.0032959,1.51073575,0.11573179630104533,0.29329084437942293,0.573358607852358,0.6606175224257869,0.6795477053944293,0.6929120827395173,0.7078407962485781,0.7224872261962597,1.22761207581
513.9819336,1.513852715,0.1183510761935012,0.2953386070979343,0.5752335097321288,0.662530320837802,0.6812239739821604,0.695113439062877,0.7097168757957044,0.7246667094537855,1.22118198666
512.99823,1.513214946,0.11536970439954362,0.29458129508469033,0.5750114980588535,0.662081798905599,0.6813985531917444,0.6944704151319926,0.7094810414947642,0.7245116102744227,1.21609227172
512.0142212,1.515033603,0.12129955233089244,0.29618070921741485,0.5760247614966822,0.6636172734095342,0.682075902628014,0.6961255059828994,0.710805720343809,0.7254529610552207,1.21118781137
510.9921875,1.506027222,0.11501186000345932,0.29041850981314116,0.5693815407875187,0.6574045245807282,0.6765141512117807,0.6899765035495646,0.705045065380959,0.7197561104643155,1.20469691021
510.007843,1.514792442,0.11815771331915646,0.2950559760016065,0.5752989551945454,0.6631559125063661,0.6821163470157269,0.6956796859486829,0.7110857448308568,0.7256467675953366,1.19864964729
508.9853821,1.522427082,0.1239412260409903,0.3016012801479946,0.5808136981202909,0.6681674408270949,0.6872319700535957,0.7010857973525089,0.7163814100167624,0.7303273240363732,1.19215137145
508.0005798,1.512714863,0.11742827859669101,0.2957317426477683,0.5737341753648014,0.6617282397158344,0.6808578860441453,0.6944315147322564,0.7095543826402724,0.7240891887026782,1.1863320281
507.0155334,1.502761006,0.11095587128225831,0.28754671484911853,0.5679648712838211,0.6554525355627198,0.6738921102788583,0.6882207346419685,0.7028617590446666,0.7180597250120526,1.17976880897
505.9924622,1.514282584,0.11988477480356695,0.29380529456583543,0.5757855672809795,0.6629102706590603,0.6826210675839272,0.6954864388977281,0.7108173418736151,0.7248546091305647,1.17330126734
505.007019,1.512720466,0.11521927715224899,0.2949667084274052,0.5740156482920069,0.6618050560164914,0.6809360151394461,0.6948251712930111,0.7095731090411199,0.7245031545839447,1.16601378673
503.983429,1.505269289,0.11282092778520482,0.2902249921189406,0.5690058960594819,0.6575890454275153,0.67640115649061,0.6897245485501624,0.7048547332186541,0.7197771917464264,1.16013324516
502.9976196,1.517332077,0.11991882934181552,0.2982229113767526,0.5765035352934945,0.6649715279037427,0.6840318679251904,0.6969639200861237,0.712692630220022,0.7276474446077669,1.15249923257
502.0116272,1.516327024,0.12021844981203086,0.296817787741944,0.5768015724553767,0.6641829797861865,0.6830815984194667,0.6974297598175986,0.7125230325822179,0.7274053165881851,1.14647749134
500.9873657,1.511294842,0.11593635673199287,0.2939039070406239,0.5732823904259968,0.6610832848768902,0.6799907260394952,0.6941038634469702,0.7093125246161546,0.7241227994455994,1.13942302693
500.0009155,1.507848263,0.11734935804155809,0.29162154495244097,0.5708675933602261,0.6587462306988972,0.6781068275714236,0.691538812545099,0.7063948411764172,0.7219145316788509,1.13289451886
499.0141907,1.50808382,0.11493811263396979,0.2922748393993603,0.571422314458379,0.658728797529682,0.6781679288145965,0.692008049309235,0.7068716842595042,0.722006038893929,1.12632315283
497.9894104,1.510580182,0.11766442163044814,0.2942261525865923,0.5734095355524349,0.6608821416893966,0.6797187706467329,0.6936641054846151,0.7091794329821323,0.7236817673611755,1.11934984828
497.0023499,1.511556268,0.11823061079889345,0.29400491306925075,0.5731721179431617,0.661201974507185,0.6804731680304399,0.6943245242360305,0.7095319498261649,0.7245297187561888,1.11239488393
496.0150146,1.509486675,0.11748781622409805,0.2925934560715529,0.5718344462749684,0.6595818647816472,0.6788561471877498,0.6927510563564684,0.7084289546136798,0.7234200824844484,1.10588050742
494.989563,1.513890982,0.1201886421314178,0.2958529031122728,0.5745577439928614,0.6622688876243131,0.6817271698662823,0.6958097468706653,0.7115275300912068,0.7260980125432129,1.09889148827
494.0018005,1.50941968,0.11713228829581501,0.29253044374244397,0.5708999493497547,0.6586232554088356,0.678607571212674,0.6923158357818968,0.7076002706468935,0.7225519575439937,1.09134350052
493.013916,1.509516478,0.1152755719838473,0.2944097086919095,0.5707501780463348,0.6592706427980838,0.6787306432165618,0.6929065811284895,0.7075119870532822,0.7224633457841109,1.08462020095
491.9878235,1.508504987,0.11445570950993444,0.29235654023408014,0.5705559656061283,0.6587269253106555,0.6780450696070378,0.6922761051849755,0.7072954382536818,0.7229225053950862,1.07816628897
490.9994812,1.507116079,0.11398488937268689,0.290851027258941,0.5691682928897567,0.6574908772015015,0.6768468794223312,0.6906070754943449,0.706119584363591,0.721623347919106,1.07095687942
490.0109558,1.505133033,0.11119510423531392,0.29068461534736706,0.5676155982720483,0.6559873728034626,0.6756250215570266,0.6891945767339183,0.7047435728212733,0.71991846881635,1.06383125526
488.9842224,1.507570624,0.11394558326719455,0.29149158048517204,0.5692497616890273,0.6575526158619888,0.6769688702783553,0.6909122166851519,0.7064705951796617,0.7217046236793931,1.05661456749
487.9953308,1.505733967,0.11208068158410374,0.2901885433790721,0.5683036814531353,0.656397902202155,0.6757389619748817,0.6896605898765875,0.7054169452658152,0.7204956424211783,1.05152222696
487.0062256,1.501201868,0.11050103645707181,0.2867898659998785,0.5648880535669634,0.6527407058503407,0.6721520180152841,0.6866476341194786,0.7020189239600526,0.7176635590092914,1.04547791773
486.0169373,1.501947641,0.10836825237421283,0.28641441424604686,0.5646948063216741,0.6531034348452658,0.6725900960202579,0.6867362649889254,0.7024022904417613,0.7176040596010119,1.03824101723
484.9893188,1.500402808,0.10845250158262658,0.28606413723722585,0.5633660927635412,0.6518234867562608,0.6717005611131949,0.685720376220922,0.7009339409689548,0.7158055876848184,1.03140072697
483.9996033,1.504456401,0.11091973218210137,0.2885383949739231,0.5660824017576742,0.6539791861859078,0.6735412542178651,0.6888312490590319,0.7038448484164829,0.7197653962872006,1.02661011058
483.0097046,1.502606511,0.10830022038375273,0.2859289224982766,0.5639597339539979,0.6522236491842046,0.6715745547872026,0.6860465410412576,0.7020496002513128,0.7175986349464645,1.02097248895
481.9814453,1.499045014,0.10429998624410876,0.28404903891716937,0.5615514233867397,0.6493646346964488,0.6690330369568664,0.6829266526348396,0.6986440690813127,0.7143174305985226,1.01535556272
480.9911804,1.501395941,0.10787534741125311,0.2861143312596093,0.56274693020002,0.6506839083891791,0.670304278793384,0.68468487333186,0.700847472330457,0.7161882596148559,1.00939069518
480.0006104,1.500927091,0.10417666413165917,0.2846763106726713,0.560176608945232,0.6493198273685976,0.6687088803897404,0.6835504299960723,0.6989870686500147,0.7143162341454946,1.00437934086
479.0099182,1.499402523,0.10616388451315492,0.2820270689275284,0.5588840733541653,0.6474072215421186,0.6675306328162552,0.681574695563647,0.6967919282466994,0.7129474035885824,0.999031705691
478.0190125,1.500154376,0.10518996591817167,0.280562792447716,0.5593952032052846,0.6474061404590332,0.6677354245053136,0.6817539268831753,0.6970036699221652,0.7131294728402799,0.993983149773
476.9897766,1.499226689,0.10386700498652325,0.2814319990542596,0.5580444039793232,0.6460533720411062,0.6659201759467835,0.68045123672902,0.6959591316426712,0.7118810115471528,0.990184367812
475.9984741,1.498173594,0.10186233141935412,0.27873217656098465,0.5569449612023591,0.6445006384269323,0.6642890237436119,0.6788490040328028,0.6942162590995103,0.7102448786143175,0.986358094898
475.007019,1.497012496,0.10143297968332622,0.2774899130500113,0.5553039250793446,0.6429524612453271,0.6624572115981867,0.6773314259268646,0.6927708832090779,0.7083032766482941,0.98255919705
474.0152893,1.492609382,0.09716648583738226,0.27318032940494325,0.5505887351126655,0.639296713204114,0.6591583239076897,0.6731195278455737,0.6887425215405368,0.7044170992681205,0.978710529865
472.98526,1.494885802,0.0980325260863722,0.2748685479478653,0.5512546166729774,0.6398668013713554,0.6592260082336449,0.6743149179933478,0.6897775417025839,0.7050899307500617,0.974907770913
471.9931946,1.494311333,0.09501717684020325,0.274345140234396,0.5498620024825209,0.6380549124684753,0.6578678928302114,0.6723258634176184,0.6885265326835447,0.7041241783518594,0.970785024971
471.0009155,1.494957805,0.09476219112876122,0.27357778889844986,0.5498309594171922,0.6376104248566917,0.6578249962644055,0.6718548501766093,0.6879298026750186,0.7034988956752254,0.967564690738
470.0084534,1.496504664,0.097812985052972,0.27327291750877236,0.5491002107988538,0.637775331128973,0.6572893287616991,0.6722858235048761,0.6878564030348117,0.7038259094136408,0.963855427886
469.0158386,1.496954679,0.09535764643221484,0.27187458845751156,0.5478404946204326,0.6364161148851085,0.6567023286304978,0.6712484090764308,0.6864919357419287,0.7026832226007003,0.960862742906
467.9847412,1.497793436,0.0938407830239627,0.27186292838468684,0.5479087202328798,0.6359886549958965,0.6562832279122721,0.6704463277601287,0.6864663370884929,0.7024153604117251,0.957666405297
466.9916687,1.492824197,0.08902887242931097,0.2663895379719927,0.5437952023965937,0.6315274468083893,0.6515006620933421,0.6663472697097091,0.6822228359344868,0.697927877610449,0.955223094236
465.9984436,1.493122816,0.08977151283203226,0.26558828626987213,0.5431030648786295,0.6308942294521979,0.6512429926865831,0.6656434910341492,0.681665257146819,0.6971833452961338,0.952381589938
465.0049744,1.494993806,0.09029414838956783,0.26755403980951564,0.5433743445701715,0.6312628083056593,0.6511271217493376,0.6658894226990429,0.6811168486825371,0.69775073117672,0.949942178524
464.0113831,1.491970301,0.0863631057698482,0.26455498421955564,0.5401213843518549,0.6280144428038175,0.6480714820931951,0.6627379509772552,0.678231212369955,0.69449246199769,0.947604525925
463.0175781,1.496949911,0.08952031081422182,0.2671844569590058,0.5423266015844398,0.6302012426922629,0.6501940336200339,0.6651718020919197,0.6806541366360408,0.6968069092378211,0.945862753898
461.9853821,1.49335587,0.08667724238294865,0.26385736400579285,0.5385160625136772,0.6269906768792827,0.6469880625235288,0.6623145445180261,0.6776385747230993,0.693316530956784,0.944110595532
460.9911804,1.494744658,0.08720767788142202,0.2634812949158833,0.538604017746682,0.6270312953259715,0.6468418818747568,0.6617613287352747,0.6770199715839609,0.6931337858095318,0.942836052858
459.9967957,1.495382309,0.08641144584065243,0.2627240599886764,0.5387725156452843,0.6267136059534596,0.6466277080376561,0.6614850494636182,0.6770905138585438,0.6934990057846814,0.941954915665
459.0022278,1.496898413,0.08543868547956983,0.2633390530397117,0.5389010897784253,0.6263938314360356,0.6463594596411577,0.6615786615161758,0.6769075759961991,0.6929818334894897,0.941272604803
458.0074463,1.498033404,0.08750552148609535,0.26398755973117277,0.5382349371861983,0.6263494285831551,0.6460427926626978,0.6613883291595365,0.6765524527372211,0.692307977994042,0.939303569536
457.0125427,1.488030314,0.08016375404082662,0.2556812943819815,0.530825098818782,0.6191054236581441,0.638367659524786,0.6538384494308033,0.6692556282005394,0.6851368316818587,0.937142793052
456.0174255,1.487816095,0.07627163080085074,0.25556391761110875,0.5301035787594156,0.6177555899509909,0.6375489174543154,0.6529968690348034,0.6686084146111544,0.6840817721299859,0.935531988842
454.9838257,1.49328351,0.08278813068067058,0.2580481369366892,0.5327514692964526,0.6202220868727724,0.6401929468877927,0.6554442150643083,0.6708667414025545,0.6863076851497185,0.934355922997
453.9883423,1.488558412,0.07653233124354061,0.25323800320757966,0.5288708520220057,0.6167131758776528,0.6359711645627684,0.6511866405262936,0.6667079526857442,0.6823867582909561,0.93332109555
452.9925842,1.492892981,0.07986668323986892,0.25641412801567537,0.5307074136389831,0.6187873484019998,0.6382564995808525,0.6530961958186089,0.6687866039736197,0.6845060088511784,0.932364609347
451.9967651,1.488842845,0.07692631538756359,0.25034219238022887,0.5269779570951897,0.6150681237016665,0.6348023380042347,0.6495981531125913,0.6651669179465263,0.6812306732770018,0.931844270824
451.0007019,1.488689065,0.07519894555900503,0.2521133470778082,0.5262648541185047,0.6135765882388262,0.633132845408713,0.6484114500429626,0.6639862188427296,0.6799191028113832,0.931762956456
450.0044556,1.491796613,0.07731914194546781,0.2536926067746551,0.5275675442078817,0.6149187772135664,0.634622180162364,0.6494947342262278,0.6653325584795046,0.6808033869933185,0.931822841813
449.0079956,1.492292762,0.07681828286949619,0.253310977125572,0.5268208497921736,0.6145680366520724,0.6341798933245479,0.6489242595275723,0.6645578905126389,0.6806000624005341,0.931807030689
448.0114441,1.487610698,0.07416031485540774,0.24992063993735703,0.5228692655573803,0.6103034731959628,0.6299606589845484,0.6453617563761791,0.6607570814487577,0.6767050236889046,0.931743651068
447.0146484,1.487406969,0.07491809003265563,0.24938773315122667,0.5216918288124038,0.6098661284152354,0.6289087073603089,0.6444233977644024,0.6596730056761041,0.6758235581352403,0.932181748571
446.0176392,1.491897345,0.07519585693526999,0.2508899255967379,0.5235743375941292,0.6117689464526942,0.6310824960326017,0.6463819311926183,0.661844130216091,0.677644038633225,0.932770350991
444.9820862,1.486618996,0.07303758976325254,0.24710127902526405,0.5200673180571567,0.607500637651637,0.6268474698081938,0.6421566734533322,0.6574368997445991,0.6733929309659334,0.933395015942
443.9847717,1.487903714,0.07043753797866657,0.24818377103613729,0.5203724975318694,0.6072966950749928,0.6266791263407784,0.6417901600522153,0.6572236326077168,0.6733353232749134,0.934579653365
442.9872742,1.485816956,0.07038718978420914,0.24555398930475733,0.5178798229692582,0.6052514424462697,0.6246537197390067,0.639842264626663,0.6553653721782161,0.6714671591682244,0.935509749067
441.989502,1.481984019,0.06651051031068969,0.2425979457801025,0.5149093387683008,0.6023965590575376,0.6209560396791227,0.636386674302455,0.6522317766436324,0.6676827591952732,0.936869660186
440.9916382,1.484078884,0.06840043191893531,0.2443161268234935,0.5158975824753094,0.6027271834670598,0.6224556448192525,0.6372226176362478,0.6524992724472084,0.6686783003588592,0.938471062685
439.9936218,1.480867743,0.06699878233804672,0.2413762221351918,0.5133925517335255,0.6003001852363068,0.6188560364011125,0.6342225578549048,0.6496545052728808,0.6655392609306081,0.940087137248
438.9953613,1.484291077,0.06792528783801519,0.24256026172029646,0.5144412603676217,0.6015240325043698,0.6210535709412695,0.6359098119802479,0.6511488019057443,0.6665681622103277,0.941989452995
437.9969177,1.482394695,0.06553736322385834,0.24167283106770945,0.513119959636009,0.5998248477277343,0.619435700597496,0.634485072864039,0.6492415435182192,0.6647781841389617,0.943898255436
436.9983215,1.482287049,0.06511550178905669,0.24035126027585443,0.5121659252223266,0.5994116348928378,0.6179779882204586,0.6334187968403341,0.6486950462046512,0.6640681121334292,0.945934859594
435.9995422,1.480378389,0.06385632599023269,0.23899424480595743,0.5111921992776578,0.5974161898198621,0.616390118790616,0.6313494506792421,0.6465145588205204,0.6623680783091574,0.94868613041
435.0005493,1.477956414,0.06328280134041712,0.23755745953895696,0.5087340038095023,0.5952635989008521,0.6145628238869597,0.6293222289928008,0.6442370039860288,0.6600221631235994,0.951285100982
434.0014343,1.479077816,0.06482229111998575,0.23775337078699574,0.5090794162359407,0.5955154573159842,0.6148186206212449,0.6296784138366311,0.6450053591894669,0.6602371674817761,0.953858144345
433.0021667,1.478564978,0.06378211675230297,0.23809862878224747,0.5086725357922608,0.5951698136314348,0.6136127281810995,0.6290044624694736,0.6444360238094826,0.6592876122202913,0.957010639368
432.0026855,1.481641889,0.06454823212052968,0.23665389005001683,0.5100444935807045,0.5967311959750704,0.6151464265968306,0.6306039922960319,0.6457597180301554,0.6610494618558654,0.960189582869
431.0029907,1.476834536,0.06241212815582463,0.23616291482910962,0.506759679274216,0.5932496982646093,0.6119409575312386,0.6266841847394824,0.6417885966955622,0.6569587049999589,0.964139101457
430.0031433,1.475640059,0.06179597687088878,0.23441477193303192,0.5059420568946275,0.5922109904749752,0.611002715066743,0.6257353628965784,0.6409769976504823,0.6556342192546758,0.967496658488
429.0031433,1.475136518,0.06059765110544657,0.23725868895849403,0.5052581430964701,0.5916707474301359,0.6101653619005893,0.6250484760389634,0.6399193698380135,0.6552213340030475,0.971786647187
428.0029297,1.47298944,0.059249361904495396,0.2350937042889658,0.5040860738069058,0.5903472079645409,0.6083728941445626,0.6231921846718719,0.638626255648222,0.6530992651384455,0.975569309161
427.0025635,1.474531293,0.0631268135339486,0.2354563370882901,0.5050239689307877,0.5910076844333167,0.609535349704083,0.6242038649957019,0.6395409649764044,0.6541657728737086,0.980169863834
426.0020142,1.472083211,0.0597700677199783,0.23405206204767057,0.5031172901136599,0.5892903916283623,0.6076367019564479,0.6224161460634456,0.6364921785280648,0.6532118542834163,0.984428712948
425.0013428,1.467146754,0.0574810645725399,0.2311924680542955,0.5003077746431692,0.5859994766422155,0.604292002098935,0.6190113292024625,0.6341411470968857,0.6490136432490545,0.989242244811
424.0004272,1.471878171,0.06286464651321,0.2339809407856937,0.5035887280404326,0.5892981137707033,0.6070180796429676,0.6220303082940799,0.637163852099996,0.6519645321794043,0.993790037849
422.9993591,1.467900872,0.0592275083368944,0.23264848142916586,0.5014811956590649,0.586765592269555,0.6052173101094241,0.6197660160150882,0.634396480343276,0.6490003998031183,0.998739692123
421.9981384,1.466640353,0.05859019855425426,0.23237187405601575,0.5006091320107883,0.5860839957165371,0.6041366708841228,0.6186262251107902,0.6335372355199503,0.6481735686866819,1.00411331241
420.9967346,1.470275521,0.06240386505088289,0.2348828117906925,0.5034927799570628,0.5885298357828586,0.6062411141883084,0.6213658160962233,0.6360405670652326,0.6505583650328562,1.01002906694
419.9951477,1.464890957,0.05928442050457049,0.2315540197057562,0.5003930275247405,0.5854360294046732,0.6030870363754662,0.6175794863812196,0.6327164086284586,0.6469896071592871,1.01546876959
418.9934082,1.466554761,0.061691495492778456,0.23397067020488066,0.5014695353919055,0.5867890292102674,0.6042176765193895,0.6189248412600663,0.6338289210514958,0.6480378133090227,1.0206588534
417.9915161,1.468446136,0.0630176227819807,0.23524652573788052,0.5029833881045763,0.5880764681835023,0.6059857427875686,0.6201627039356647,0.634982785922806,0.6495984622988557,1.02673003573
416.9893799,1.464744925,0.061138665528881225,0.23486898877435877,0.5013631236239608,0.5861827619747305,0.603782300736293,0.6179167899395684,0.6328897900246726,0.6472155186086969,1.03229781041
415.9871521,1.462009788,0.06182153704608444,0.23170900409817993,0.5001976957175429,0.5849256719686005,0.6024281817580421,0.6164501590967182,0.6314440862918592,0.6457062034781441,1.03865403702
414.9846802,1.465227246,0.06535095040069899,0.23512621451534674,0.502604654234579,0.5872390765391085,0.6048893498969863,0.6191420653722179,0.6339767808803107,0.6479128105914097,1.04487792511
413.9821777,1.457573652,0.0605582685616989,0.23174213166063876,0.4980748731587892,0.5835796988467813,0.6007504259928004,0.6152144584577343,0.630126665838148,0.6437304109396893,1.05082729038
413.0179749,1.457809567,0.06274510679882825,0.23057577651931865,0.49967841839053734,0.5836224795244191,0.6014370032107036,0.6156639267344032,0.6303822885134573,0.6441353030170616,1.05661331267
412.0150146,1.46238637,0.06388134591538751,0.23591009141339475,0.5035131668818369,0.5875558399722818,0.6048991573785737,0.6186896629677789,0.6335955381513106,0.6474742694224321,1.06268051808
411.0119019,1.461129546,0.06312441998011041,0.23786511056043957,0.5029052008384677,0.5867451285826347,0.6040709552966859,0.6190037615560864,0.6331862247038795,0.6467437720138852,1.06987515905
410.008667,1.457389832,0.06354543217294124,0.233695684229635,0.5015636301714781,0.586122529730874,0.6029738683078796,0.6171914479674427,0.6318086494810179,0.6452804228337533,1.07515709793
409.005188,1.452148914,0.061514812352609576,0.23218345310920321,0.49916169008500755,0.5832848667150277,0.5999855844875297,0.6147961103324311,0.6286241648541541,0.6424287633903791,1.08151869148
408.0016174,1.453001499,0.06245459932330733,0.23421723863930682,0.5004880485675427,0.583546956908842,0.601429435693884,0.6152973172672419,0.6299423185968896,0.6435280517361565,1.08650452411
406.9978638,1.454813957,0.06573798514131844,0.2356396606399327,0.501646681566522,0.5858195503175687,0.6030367648783767,0.6171039940527913,0.6313725207163298,0.6450451088959522,1.09266066956
405.9939575,1.454785943,0.06666989573282292,0.23944259339174434,0.5032346668845328,0.5868116164555619,0.6034053051240413,0.6179203038320706,0.6319523199752234,0.6450884496457548,1.09854190607
404.9898376,1.451115727,0.06624610326040516,0.23709358880511294,0.5023451895004959,0.5852444422298633,0.6018839619158097,0.6165566664772599,0.6306313668433371,0.6432537797460367,1.10335794763
403.9855652,1.453549743,0.06946446862565414,0.23786457031039857,0.5041854195707185,0.5877505928568637,0.6040619978991854,0.618711825592088,0.6327584751914141,0.6456451983657937,1.10829098002
402.9811707,1.450448751,0.06890692799233572,0.2382401755885223,0.5026958142385998,0.5865252398199517,0.6026995765604142,0.6172049225419336,0.63130234541015,0.6442554405045102,1.11247446076
402.0152283,1.450864315,0.06971095997404339,0.24014399729913888,0.504729368381036,0.5882555061401564,0.6045008095170743,0.6185663591227767,0.6328051554508519,0.6457433853774807,1.11651956039
401.010437,1.448734045,0.0703077283312535,0.23984376014062736,0.5039107421339554,0.5872555634934136,0.6040984849229597,0.6177446632967467,0.6323257443662815,0.6451620804145161,1.12049589423
400.0055542,1.442689419,0.06780922347311706,0.2369733553163981,0.500806008777635,0.584402225129109,0.6012682744426595,0.6152371812189861,0.629530457358768,0.6422264045107372,1.12344054729
399.0004883,1.449077725,0.07271627054529192,0.2420359263832558,0.506323029174716,0.5896004746819234,0.6055749232473975,0.6197435830714242,0.6339244052583016,0.6468539091750974,1.127401514
397.9952698,1.4438591,0.06850892824878839,0.23940251513031824,0.5035200391992036,0.5860744973564359,0.6026582630438286,0.6168223088474822,0.6306878159117877,0.6436226673970935,1.13077231454
396.9898376,1.4457618,0.07182938014274591,0.24064084142336775,0.505432046604834,0.5880862751468645,0.6046323952526914,0.6186029816625086,0.6327711201517235,0.6455347134752987,1.13253551558
395.984314,1.440450191,0.07073337345968672,0.2406358217620166,0.5025291313598892,0.5857939897537039,0.6024404980338544,0.6160029102501333,0.630400493514715,0.6423035098516441,1.13463725621
395.0172729,1.449222326,0.07691465466695685,0.24638875464730361,0.5098996640104819,0.5925437764676642,0.6084760620154691,0.6225347775877107,0.6371682921261714,0.6490819650571024,1.13615419748
394.0113831,1.4456743,0.07608776570360369,0.24416168332889246,0.5081499381947401,0.5904409548852741,0.6067052933310786,0.6208565782862544,0.6346838606520437,0.6473533014786857,1.13749453302
393.0053406,1.440478444,0.07255472282743153,0.24169398956541374,0.504993118774886,0.5884053932669666,0.6043127362347666,0.6181068519120747,0.6319867993935699,0.6443682422514757,1.13784666353
391.9991455,1.444951177,0.07685542603147978,0.24617693582102274,0.5093116604652361,0.5919236101662075,0.6078656255913375,0.6221586701491174,0.6356964293438666,0.6483026449802926,1.1385640909
390.9927673,1.443022609,0.07814286519904917,0.24580619473661242,0.5083869315716971,0.5914829449206304,0.607759445858842,0.621672270405565,0.6350522079882813,0.647556143603568,1.13768415068
389.9862671,1.437106133,0.07312261112760006,0.24115104475214455,0.5059573854206973,0.58765093848979,0.6043783749952791,0.6182623766193174,0.6323153970233223,0.643854583784008,1.13749005413
389.0183411,1.44085288,0.07544945185913689,0.24504795574757884,0.5087776724664638,0.5912058347392287,0.6069027102184099,0.6203789237916552,0.6343691823637823,0.6468318816132986,1.13685772501
388.0115051,1.440787911,0.07808278602603753,0.2460763158703628,0.5089150497602529,0.5914920566845393,0.607186190751043,0.6210787061068107,0.6344918296171281,0.6471559614830568,1.13544750392
387.0045166,1.438103676,0.07689565846498,0.2460730730745541,0.5073078753308381,0.5904624226987992,0.6062754008267843,0.6200292454627956,0.633991298836985,0.6461304202476564,1.1339006392
385.9973755,1.434612632,0.07263503352235787,0.2426082934469529,0.5061543775574872,0.5879669677270447,0.6045792668434252,0.6181731468755748,0.6317779537563031,0.6443228554180052,1.13202137413
384.9901123,1.438581705,0.07826340767969385,0.24620836489954023,0.5083866997305824,0.5905542390353635,0.6071478504234715,0.6207609586930473,0.6348689415709955,0.6468126730036615,1.12983804887
383.982605,1.437777638,0.07944358518956612,0.2457166175226994,0.508259013511987,0.5907148983852312,0.6064847096280552,0.6209222357676618,0.6342738137212537,0.6467521310553151,1.1267390684
383.0137634,1.43544364,0.07650900980232729,0.24343526014412487,0.5066092901164925,0.588940114489985,0.6045418529734176,0.6186507625680426,0.6326135301864707,0.6449416322274502,1.12414816751
382.006012,1.434286237,0.0746208644118421,0.24230488993088756,0.5058288498953531,0.5881855821733243,0.6039780193987957,0.6177908226748202,0.631166455164315,0.6436904876924535,1.12133992642
380.9980774,1.43892777,0.07930049407142375,0.24534865736565792,0.5086387899220511,0.5902002940267447,0.6065379544437152,0.6207588160251094,0.6341009536598513,0.646320366202438,1.11821326202
379.9899902,1.435775757,0.07905786350270315,0.24520185834435712,0.506142099306468,0.588413887824354,0.6034519084917765,0.6182242675498568,0.631788127688068,0.6437823620054911,1.1153152122
378.981781,1.441165805,0.07889129677127349,0.24825412014218023,0.5081125245190672,0.5913788501387124,0.6070252226683583,0.6203641169890659,0.6347104250834005,0.646460310979485,1.11145552165
378.0121765,1.438970089,0.07967911153502708,0.24616087407070653,0.5067031528606157,0.5887870225273807,0.604632163541133,0.6190330865744625,0.6323613436050666,0.6446887119683526,1.10731914605
377.0036316,1.432126641,0.07245340780687488,0.2388256699508746,0.5011394900345556,0.5822908315146254,0.5987322391785654,0.6131849972599723,0.6263493707362381,0.6391060140734061,1.10389266873
375.9949646,1.438366413,0.07384679493060332,0.24195638849204495,0.5032070601074436,0.585015750630423,0.6012942206958221,0.6155488666904444,0.6286470033092397,0.640859446626299,1.10113890745
374.9861145,1.436279655,0.07197115950269553,0.23909563691255115,0.5002171556017495,0.5819543002417668,0.5975403241211624,0.6117237525286509,0.6251229761957103,0.6380184253799229,1.09823286517
374.0159607,1.439700246,0.07038039390509758,0.2388259789428044,0.49900276828032547,0.5814713560903522,0.5969321651035878,0.6109803205365409,0.6248909443092965,0.6370482321134289,1.09587903461
373.0068054,1.441582918,0.06687229322026143,0.23557031559571626,0.49652403158576536,0.5789827736302988,0.5947175648808444,0.6087694656587453,0.6228109414246463,0.6343342011736351,1.0942176889
371.9975281,1.439912677,0.0656982936056408,0.23006418369853004,0.49094314877548834,0.5735296153225229,0.58873574748669,0.6038656232928081,0.6163925516000327,0.629158712536422,1.09292573275
370.9880676,1.443000078,0.0661125870053974,0.22972278648294694,0.4895683335566426,0.5708147735542206,0.5859782793423801,0.6009653337667072,0.6146617447706745,0.6266036228995432,1.09128975432
370.0173035,1.441923022,0.06220725873294741,0.22350953594711848,0.4829041471296456,0.5641350268895952,0.5796107010705625,0.5949588823958086,0.6082239334753166,0.6212160447928032,1.08902059726
369.0075684,1.438825727,0.05452208724400619,0.21562505494669176,0.4772533404173146,0.5592310304163621,0.5746261238421608,0.5896980834187764,0.6027376860185439,0.615541608295111,1.0889167728
367.9976807,1.437419057,0.04596562329104922,0.2097438573736409,0.4708025170636878,0.5523200434547115,0.5681629450219216,0.5827712660296988,0.5958123744630935,0.6094257722911446,1.08766520351
366.9876404,1.434975386,0.04112622277914932,0.2055217657327956,0.4646301938369216,0.5481082611320326,0.5632075185585856,0.5774988834828751,0.5907708845487905,0.6020044280877557,1.08532376709
366.0163269,1.440415859,0.04302819053818667,0.20439378907339636,0.4642994146723219,0.547210868437115,0.5621085774238657,0.5770977554713451,0.590720651529941,0.6023310365738623,1.08366898517
365.0059814,1.439424872,0.03337973614947702,0.2033480541465397,0.4616012915051047,0.5433659657066177,0.5584271142580447,0.5731809979955123,0.5865902218592517,0.5988097309861082,1.08058485056
363.9955139,1.438275814,0.03234782359117238,0.19716499736929102,0.45831987520295014,0.5394897885231243,0.5566737977876545,0.5698017032849316,0.5839349569739349,0.5954976576965918,1.07643756742
362.9848633,1.445244431,0.0360539978197746,0.2015335777439435,0.45946572779044076,0.5415204076956742,0.5577976035742261,0.571430499829502,0.5856444887696389,0.5975686251908101,1.0730423262
362.01297,1.44143784,0.031436995059116866,0.19689302228396144,0.45568789217937716,0.5377666652283104,0.5532346172669366,0.567938268374224,0.5813717012050532,0.593548004838952,1.06979648957
361.0020752,1.436661482,0.02797098011157814,0.19134835643721648,0.45170043883989114,0.5326453669738851,0.5482329352947046,0.5631825372412276,0.5767982516666361,0.5894024402641798,1.06574694965
359.9909668,1.435581446,0.030323150407981326,0.18975064143621515,0.4480780503965861,0.5301907623547123,0.5459267119687148,0.5607531840644332,0.5739722496952875,0.5866781391322418,1.06192822521
359.0186768,1.434278488,0.024181252392240452,0.1888144062532562,0.4459453436588767,0.5272722485234551,0.5431057290109353,0.5579756382463916,0.571093659435157,0.5833578026082269,1.0588709637
358.0073547,1.43722713,0.02378695925628765,0.18775152842821974,0.44681157720596276,0.5296975477520409,0.5443310816591781,0.5583811290685036,0.5720983512943395,0.5849617728496296,1.05388769868
356.9958191,1.432257175,0.020328356876156382,0.18300703248795006,0.4421219470258103,0.5239997122736512,0.5390672702375535,0.5532516446008389,0.5678267217693199,0.580758368548388,1.05043064159
355.9841614,1.430394769,0.02117269902518307,0.1829586146833269,0.4402719879851572,0.5212659905154308,0.5375289390157764,0.5520986106392739,0.5658289605524341,0.5775730162177716,1.04633403513
355.0112915,1.429590106,0.018599596907804418,0.1811846026201237,0.43847986724585336,0.5201618757416203,0.5354079700199326,0.5504855667883116,0.5634652068157957,0.5760093556254625,1.04278994932
353.9993591,1.434900045,0.02510652127670776,0.184532390907037,0.44191163403315653,0.5222484034086887,0.5387164524604663,0.5532219143301539,0.5664778147140654,0.5790232375810227,1.03940403266
352.9872742,1.436499834,0.02111099845426686,0.1842747797358639,0.44189800463880974,0.5230428209477922,0.5378611461506279,0.5528883944006585,0.5671054335510681,0.5791600358874179,1.03427978027
352.0140076,1.436792135,0.02081933209706329,0.18399392485729638,0.4401366953828327,0.5229092660202095,0.538164974482013,0.5524239449385334,0.5660434818597048,0.5789530819026322,1.03171299182
351.0016479,1.430715799,0.01705192175711255,0.17660497492734203,0.4360095090909559,0.516853778925606,0.5335814470778754,0.5472065439104388,0.5610819546519324,0.573715371618804,1.0283374615
349.9891663,1.434242964,0.02221766179610597,0.18048350770465896,0.437647572867073,0.519136990644429,0.5344103441648819,0.5491284357541374,0.5631061651245669,0.5753074498814892,1.02522419504
