;3 min;15 min;30 min;47 min;57 min;70 min;76 min;88 min;Final;Blanco
Long.de onda (nm); Abs; Abs;Abs;Abs;Abs;Abs;Abs;Abs; Abs;Abs
799.9957275;1.308168769;1.03483808;0.5669921637;0.4310241938;0.4056088328;0.3763742149;0.3568469584;0.3334896564;0.1015894562;1.573284388
798.9888916;1.321953893;1.02887392;0.5684207678;0.4312151074;0.4052060246;0.3785663247;0.3608989716;0.3356862962;0.1030468121;1.527763247
798.0165405;1.334868908;1.030390382;0.5616335869;0.4316594303;0.4060125649;0.3760384619;0.3597119749;0.3363848627;0.1036314368;1.559204102
797.0088501;1.309097648;1.025518417;0.566927731;0.4342020452;0.4026827514;0.3767145872;0.3612663448;0.337036252;0.1037489325;1.558387399
796.0009155;1.29432559;1.035598874;0.5662869811;0.4346618056;0.4034088254;0.3761973977;0.3601542115;0.3365146518;0.1033901945;1.591626287
794.9924927;1.309592962;1.035528541;0.5673459768;0.4326319993;0.4033590555;0.3761328757;0.3604767323;0.335373491;0.105260402;1.609881759
793.9837036;1.316638708;1.029748797;0.5687389374;0.433665663;0.405995816;0.3766260445;0.3602226973;0.3377311528;0.1035156772;1.594508052
793.0093384;1.331435204;1.039061069;0.5701271892;0.4367766976;0.4054813981;0.3789135218;0.3606187105;0.3362590075;0.1050766781;1.550298095
791.9996948;1.323804617;1.041607141;0.5701450706;0.4328497052;0.4077109694;0.3767107725;0.3609428108;0.3384588063;0.1044176817;1.577585459
790.9898071;1.332871556;1.039099813;0.5700919628;0.4355564117;0.4067572951;0.3752250075;0.3619638085;0.336278379;0.1059356183;1.562987685
790.0142212;1.316670299;1.037124634;0.5683372021;0.4329272509;0.4077839255;0.3760509193;0.3596275449;0.3361837268;0.1055584997;1.54913795
789.003479;1.322541118;1.045423269;0.5654852986;0.4364124537;0.4065741003;0.3760004938;0.3601811528;0.335170418;0.1051282808;1.565860748
787.9923096;1.312619209;1.034747362;0.5703053474;0.4328555167;0.4070871174;0.3791326582;0.3636221588;0.3378583491;0.103887178;1.550789118
787.015625;1.327344537;1.043223858;0.5674800873;0.4399712384;0.4085427821;0.3771194518;0.3646709919;0.3371359706;0.1062200591;1.601485491
786.0036621;1.338516831;1.037872195;0.5670882463;0.4345717728;0.4072397351;0.3780677915;0.3614107966;0.3394447267;0.1058701724;1.573351145
784.991333;1.315321088;1.037921309;0.5704246163;0.434278965;0.4059081376;0.3815122843;0.3620357811;0.3392879069;0.105014734;1.543468356
784.0135498;1.346760631;1.038015246;0.5668085217;0.4342595935;0.4045853913;0.3782509863;0.3598781228;0.3360950053;0.1059139147;1.581277609
783.0003662;1.329111218;1.028442144;0.5680627227;0.4357866049;0.4057146013;0.3778623641;0.3625716865;0.3379507065;0.1063461602;1.556381464
781.9868164;1.327115536;1.037003875;0.5708549619;0.4377179444;0.4079300463;0.3809874952;0.3612027466;0.3390903771;0.1054699123;1.552750945
781.0078735;1.334568262;1.038568139;0.5721577406;0.436129421;0.4093416631;0.3795923293;0.3635869026;0.3389325738;0.1065027043;1.568695188
779.9936523;1.333543658;1.025898933;0.5700663328;0.4343279004;0.4088189006;0.37981987;0.3636367321;0.339273423;0.1040309593;1.568413854
779.013855;1.327322006;1.042680621;0.5701068044;0.4393531084;0.4089186788;0.3791843057;0.3642528057;0.3409826756;0.1063504294;1.548173785
777.9987793;1.316063762;1.033555031;0.5693753362;0.4349130094;0.4091657698;0.3797326386;0.3652605712;0.339766562;0.1058744341;1.590478182
776.9833374;1.311980844;1.04159987;0.5697478056;0.4354785979;0.4098456502;0.3828934729;0.3639265597;0.3404214084;0.1062488183;1.589571476
776.0025024;1.34617281;1.03522563;0.5741344094;0.437022984;0.4091627002;0.3802643418;0.3649440706;0.3395912945;0.1068462431;1.581910014
774.9862061;1.336857796;1.047624588;0.574786067;0.4380024076;0.4071753919;0.380351454;0.3660755157;0.3404531777;0.1063021496;1.571748137
774.0046997;1.322749615;1.035249591;0.5738059282;0.4386677444;0.4096078575;0.3794822395;0.3636113405;0.3403767943;0.1074690223;1.582346678
772.9876709;1.328233004;1.049668074;0.5711321831;0.4379512668;0.4104936719;0.3811484277;0.3646095693;0.3398497999;0.1067084447;1.542205811
772.0053101;1.327599525;1.035916924;0.5717387795;0.4360306859;0.4087665379;0.3841367066;0.3661574721;0.339756608;0.1059748679;1.590841174
770.9875488;1.329163551;1.034718513;0.5782539248;0.4396596253;0.4111213088;0.3824860752;0.3638718724;0.3409329951;0.1077870205;1.590975761
770.0044556;1.335917234;1.04242599;0.5732519031;0.4380009472;0.4083949029;0.3801949024;0.3651199937;0.3433677852;0.1083381251;1.58357656
768.9859009;1.327507257;1.037431836;0.5728459358;0.4385936856;0.4106343389;0.3822216988;0.3659941256;0.3397426903;0.1064875871;1.569921613
768.0020752;1.326158047;1.043287992;0.5738053918;0.4388633072;0.4109410644;0.3826068044;0.3639375567;0.3391575515;0.1071970463;1.596713185
766.9827881;1.326725245;1.045272946;0.5731816888;0.4355338216;0.4092557132;0.3837660849;0.3647302091;0.3410193622;0.106812045;1.566542745
765.9981689;1.327997923;1.042875171;0.5752141476;0.4385754764;0.4112569094;0.3824504912;0.3638058603;0.3391841352;0.1067910939;1.578460574
765.0133667;1.32949698;1.041267991;0.5715082884;0.4397334754;0.4089852571;0.3811682761;0.3641699255;0.3384526968;0.1069651768;1.584080338
763.9928589;1.32572639;1.038210988;0.5727202296;0.4378094375;0.4103641212;0.3821664155;0.3639675677;0.3389718235;0.1058526039;1.562903166
763.0072632;1.323705792;1.036269784;0.5739598274;0.4379631877;0.4123884737;0.3823623657;0.3647932708;0.3406411111;0.1067223474;1.571580768
761.9859619;1.317487836;1.041261435;0.5758686662;0.438734889;0.4100594223;0.3836313188;0.3651281893;0.3409673274;0.1076050773;1.568721294
760.9996338;1.321639061;1.038261533;0.5729868412;0.4397215545;0.4109871387;0.3813801706;0.3662641644;0.3402867615;0.1078998744;1.559761524
760.0128784;1.321712732;1.040373683;0.5762422681;0.4414432347;0.4102129936;0.3806267381;0.3658579588;0.3418491185;0.1076135635;1.596888423
758.9904785;1.33564496;1.031132936;0.575378418;0.438336283;0.4101063311;0.3841819167;0.365264535;0.3408715725;0.1077251807;1.547492981
758.0031128;1.322181106;1.048045874;0.5738102198;0.4385515153;0.4106618464;0.3822540939;0.3647603095;0.340310514;0.107221365;1.537980795
757.0151978;1.334962249;1.043372989;0.5736915469;0.4406505227;0.4107493758;0.3838823736;0.3662500978;0.3408509493;0.1078698412;1.570492148
755.9917603;1.330919027;1.039469123;0.5752285719;0.4379728436;0.4088720679;0.3826396167;0.3642335236;0.3404166996;0.1070750654;1.571376204
755.0031738;1.335425138;1.043874741;0.57464993;0.4408082664;0.4106068015;0.3836739659;0.3647302389;0.3405192792;0.1081468165;1.554870248
754.0142822;1.336850762;1.045662284;0.5734291077;0.441228956;0.4108664691;0.3811899126;0.3669505119;0.3404278457;0.1069241837;1.541833878
752.9897461;1.320347667;1.042115927;0.5729677677;0.4379530847;0.4119385779;0.3825798035;0.3653204143;0.3389495611;0.107286714;1.552389503
752.000061;1.332426786;1.041271925;0.5769380331;0.4415787458;0.4116230309;0.3818767071;0.3642159402;0.3402177691;0.1068486273;1.562949538
751.0100098;1.328595996;1.043277383;0.5758796334;0.4411818385;0.4106273651;0.3822079599;0.3660713136;0.3403899074;0.1075896546;1.567588449
749.984375;1.341904879;1.048609614;0.5769622922;0.4387073815;0.4097401202;0.381914556;0.364898175;0.3418305814;0.1073902547;1.572104692
748.9935913;1.321551085;1.049166918;0.5750994682;0.4372981191;0.4106592536;0.3837671876;0.364715457;0.340320766;0.1083538681;1.571426988
748.0026245;1.317663789;1.040613651;0.5756880641;0.4401795566;0.4117194414;0.3821192682;0.3652257025;0.3397578299;0.1073644683;1.567207456
747.0111694;1.347834945;1.043631196;0.5752664208;0.4383794665;0.411149919;0.3837449849;0.3654145896;0.3404919207;0.1074275821;1.543384194
745.9839478;1.324883938;1.041106701;0.573997736;0.4386360347;0.4097625315;0.3824894428;0.3667778969;0.3403064907;0.1091637984;1.577802539
744.9918823;1.320093036;1.038196683;0.5736939311;0.4394736588;0.409645468;0.3812255263;0.3634201586;0.3389738202;0.1067326367;1.58591485
743.9993286;1.314536929;1.035950065;0.575160563;0.4370669723;0.4090806544;0.3818053603;0.3630813658;0.3391332626;0.1081833094;1.562135935
743.0064697;1.316616297;1.041897774;0.5743225217;0.4392986894;0.4099790454;0.3815835714;0.3647296131;0.3392155468;0.1063296646;1.554019213
742.0133057;1.331598282;1.041014433;0.5756862164;0.4392337501;0.4093568325;0.3818042874;0.3627807796;0.340437144;0.106754221;1.580118418
740.9842529;1.336829662;1.039526343;0.572840035;0.4387932122;0.4099874496;0.3821684718;0.3628607988;0.3384975791;0.1064625755;1.574162126
739.9903564;1.326335907;1.040807486;0.574729979;0.4370769858;0.4102317095;0.3830159009;0.3641274273;0.3389385045;0.1061616838;1.568622708
738.9960938;1.331732035;1.036363244;0.5730117559;0.4380270839;0.4085054696;0.3807438016;0.3635757565;0.3372015655;0.1064484194;1.565150619
738.0015869;1.325084686;1.04076612;0.5737614036;0.4398590326;0.4086190164;0.3797558248;0.3626537621;0.3391236961;0.1070147902;1.5614959
737.0065308;1.329141736;1.046384454;0.5743829608;0.4384006858;0.4083684087;0.3812326491;0.3649842739;0.3382019997;0.1063287333;1.562199712
736.0112305;1.319325566;1.038900256;0.5740969777;0.4382628202;0.4087589085;0.3804390728;0.3619061112;0.3375262022;0.1062496826;1.552067637
735.015625;1.32329154;1.032954097;0.5746042728;0.4385075867;0.4072516859;0.3811805844;0.3621402979;0.3366198242;0.1066562235;1.556931019
733.9840088;1.325842619;1.034117818;0.5712572336;0.4368455112;0.4074381292;0.3806416988;0.3629641831;0.335645467;0.1072662994;1.558902621
732.9876709;1.318296313;1.035690069;0.572280705;0.4364759624;0.4067108333;0.3797426522;0.3603115082;0.3356660008;0.1062877029;1.568738937
731.9909668;1.328983188;1.031042099;0.5715053678;0.4349122345;0.4070589244;0.3786355257;0.3615676165;0.3343651593;0.1055669487;1.566558361
730.9938965;1.323054433;1.036188602;0.5719146132;0.4361495972;0.4062980413;0.3785432577;0.3602985442;0.3356801271;0.10584943;1.560352206
729.996582;1.309988618;1.038918972;0.5705640912;0.4359973371;0.4043061435;0.3782348335;0.3608748913;0.3344689906;0.1064611897;1.542355776
728.9987793;1.328958631;1.040546775;0.5696445704;0.4356620312;0.405452162;0.3776348233;0.3612787127;0.3338281214;0.1059799865;1.569416881
728.0007324;1.322373629;1.033716917;0.5729258657;0.4350112975;0.4050284624;0.3775899708;0.3594646752;0.333881557;0.1058477834;1.554890752
727.0023193;1.31670785;1.033390045;0.5723044872;0.4351191521;0.4041568637;0.3771495223;0.359875828;0.3348844051;0.1068012565;1.569987774
726.00354;1.327812195;1.035301685;0.5714741349;0.4332258403;0.4055311382;0.37823838;0.3585674167;0.3336146474;0.1070560217;1.559308052
725.0043945;1.320083618;1.031240582;0.5701848269;0.4355503619;0.4058145583;0.3774686754;0.3590869009;0.3329408765;0.1070185974;1.555055261
724.0050049;1.319095254;1.037174582;0.5702679753;0.4351159334;0.4066157043;0.3764466643;0.3591194749;0.3339664042;0.1081043184;1.547823906
723.005188;1.31614697;1.031652212;0.570661366;0.4343649745;0.4044252336;0.377276808;0.358787477;0.3336241841;0.1076370105;1.563126683
722.0050049;1.323245764;1.0330019;0.5720061064;0.4345677495;0.4051833451;0.3758564591;0.3592143059;0.3344229758;0.108785063;1.553741217
721.0045166;1.320026517;1.038355947;0.5713874102;0.4356223643;0.4055032432;0.3781163692;0.3600130081;0.3346588016;0.1091811433;1.546942353
720.0037231;1.324843407;1.036621809;0.5714156628;0.4353172183;0.4050658345;0.3767212033;0.3596813083;0.3347936869;0.1100344658;1.553387761
719.0025635;1.33167541;1.03444469;0.5733164549;0.4363678992;0.4052612185;0.3788706064;0.3609563112;0.3339454234;0.1112103164;1.552002668
718.0010986;1.322257519;1.037839174;0.5729183555;0.4367644489;0.4057848155;0.3783290982;0.3602702022;0.3358909488;0.1107644513;1.555080175
716.9992676;1.325888157;1.036480069;0.5747497082;0.4364854395;0.4073185027;0.378290087;0.3611289561;0.3348221183;0.1105190143;1.555588484
715.9970093;1.324804544;1.038779378;0.574487865;0.4379239082;0.4079756737;0.378682822;0.3622744381;0.3361300826;0.1108604372;1.548303962
714.9945679;1.324937701;1.042203546;0.5755597353;0.437438786;0.406957984;0.3806599975;0.362213999;0.3372130692;0.1110707298;1.565680981
713.9916382;1.32007122;1.034014702;0.5767455697;0.4386858344;0.4098597467;0.3807919025;0.3627813756;0.3378071189;0.1122543514;1.548031569
712.9884644;1.325619698;1.038983226;0.5756085515;0.440196842;0.4093311131;0.3812935352;0.3638915122;0.3370501399;0.1117046848;1.563175797
711.9849854;1.330295444;1.040650725;0.5779779553;0.4408109188;0.4100755155;0.3831571043;0.3664646745;0.3388820291;0.1134210825;1.556899309
711.0169678;1.322190285;1.043574572;0.5790285468;0.4396783113;0.4118221998;0.3836714923;0.3669818938;0.3401510417;0.1141188368;1.544754624
710.0127563;1.330736041;1.042473435;0.5790669322;0.442920208;0.4123556912;0.3848805428;0.3672802448;0.3413573205;0.115610078;1.558912277
709.0081787;1.326787353;1.044032812;0.5817346573;0.4441991746;0.4141785502;0.3859750628;0.3678283989;0.3426293433;0.1174816266;1.557616234
708.0033569;1.328660846;1.049020052;0.5814036131;0.4455432892;0.4147392511;0.3882678449;0.3693553805;0.3426268697;0.1182272732;1.556105494
706.9981689;1.326246023;1.050366163;0.584461391;0.4455598891;0.4158649445;0.3880049586;0.370397985;0.3443487287;0.119636856;1.560135722
705.9926758;1.334159851;1.049792409;0.584425807;0.4471060634;0.4165252745;0.3892781436;0.3706746995;0.3439054489;0.120278433;1.558142185
704.9867554;1.350425959;1.050408006;0.5874671936;0.4495289028;0.4197676778;0.3917712569;0.3728916645;0.3471795321;0.1211689636;1.555613041
704.0165405;1.333483219;1.045681;0.5894197822;0.450502038;0.420299083;0.392144382;0.3744218349;0.3475190103;0.1224876419;1.557416916
703.0100708;1.340601683;1.048280835;0.5902328491;0.452055335;0.4201607704;0.3933244944;0.3759251833;0.3501595557;0.1244829372;1.561062694
702.0031738;1.33841157;1.051468849;0.5914942622;0.4535180926;0.4219658375;0.3946098983;0.3766100705;0.3486967087;0.1259385049;1.555848002
700.9959717;1.335810661;1.049765229;0.5921268463;0.4541161954;0.4239455163;0.3951362669;0.3780528605;0.3512994945;0.1271938235;1.568216443
699.9884644;1.351811647;1.053379297;0.5933035612;0.4560042918;0.4243874252;0.3971954584;0.3796014786;0.352657944;0.1292127967;1.568067551
699.0166016;1.351112962;1.05729723;0.5943797827;0.4572731853;0.4263100922;0.3973583579;0.3802446723;0.3525624275;0.1309131235;1.57435751
698.0084839;1.346649051;1.052227378;0.5963481069;0.4575080276;0.4277600348;0.3989969492;0.3815918267;0.35476017;0.1318788379;1.570888162
696.999939;1.33552587;1.058972597;0.5952683687;0.4588243067;0.4293423593;0.3996877372;0.3839347959;0.3569086492;0.133101359;1.577397585
695.9912109;1.346743226;1.06071806;0.600394249;0.4607308209;0.4312810004;0.4026666582;0.3841736317;0.3568977118;0.1355518401;1.578097224
695.0180664;1.357175231;1.064451933;0.6028144956;0.462308079;0.4312491119;0.404854238;0.3873379529;0.3594652116;0.1387593746;1.576321244
694.008606;1.346825123;1.056959748;0.6011005044;0.4637083709;0.4331109524;0.4051849544;0.3880287111;0.361299932;0.1380332857;1.559558153
692.9988403;1.355264783;1.067008615;0.6056152582;0.4650020599;0.4336769283;0.407817632;0.3909110427;0.3634651899;0.1413438916;1.535080552
691.9886475;1.352764726;1.067705035;0.6038880944;0.4672215283;0.434894681;0.4082762897;0.3899719715;0.3627737761;0.1411284208;1.566365838
691.0143433;1.35028398;1.072141886;0.6075701714;0.4675832391;0.4355832934;0.4092043042;0.3907533586;0.3632563949;0.1431977898;1.562742472
690.00354;1.362078309;1.062159777;0.6071961522;0.4677719176;0.4370309412;0.4110849798;0.3924073875;0.3642273545;0.1440964043;1.591553092
688.9924927;1.360526085;1.062383652;0.6084141731;0.4694966972;0.4387218356;0.4108911455;0.3924165666;0.3663847148;0.1459465772;1.565213799
688.0171509;1.347944021;1.075694919;0.6081661582;0.4707331061;0.4401465654;0.4125413299;0.3950930834;0.3673868775;0.1467529386;1.555687904
687.0054321;1.35380888;1.070237994;0.6101788282;0.4723783731;0.4392874539;0.4132239521;0.3954547644;0.3689979315;0.1483090669;1.566851616
685.9934082;1.356907129;1.065326452;0.6131411195;0.4734917283;0.440742135;0.4144248068;0.3952140808;0.3699270189;0.1512890011;1.580680609
685.0172119;1.357893705;1.072508693;0.6108484864;0.473135978;0.4412182271;0.4156605601;0.3968763053;0.3702763319;0.1519613564;1.554345012
684.0044556;1.361600995;1.076181412;0.611705184;0.4735741913;0.4420965612;0.4150119126;0.3966090083;0.3700730801;0.1524964422;1.549913406
682.9915161;1.359443545;1.065952301;0.6132854223;0.4739790261;0.4442156553;0.4154172242;0.3990698755;0.3697228432;0.1544449925;1.58030808
682.0144043;1.352065682;1.076945901;0.6142960787;0.4757563472;0.4423333108;0.4157880843;0.3986574113;0.3691998422;0.1559340507;1.589878321
681.0006714;1.350574493;1.080077171;0.6151078939;0.4756526649;0.4433661997;0.4158520401;0.399232775;0.3712458909;0.1577697098;1.577612877
679.9866943;1.361228704;1.074835658;0.6149123907;0.4755856395;0.44595173;0.4181977808;0.3993972242;0.3721398711;0.1589992046;1.566635013
679.008667;1.367186069;1.082256794;0.6167775989;0.4770005047;0.4465190768;0.4192732573;0.4000075459;0.373637259;0.1612175405;1.553805947
677.9941406;1.355585694;1.077630401;0.6145098209;0.477563858;0.4442038536;0.420016259;0.3998599946;0.3733745515;0.162351504;1.56701684
677.0154419;1.379357219;1.081314683;0.614241302;0.4784097075;0.4483221769;0.4185278714;0.4002843797;0.3734598756;0.165559113;1.562401056
676.0001831;1.374587536;1.082382798;0.6163614392;0.4810590148;0.4492860138;0.4205563962;0.4023660421;0.3753911257;0.1686404198;1.578619123
674.9846191;1.363088131;1.08357048;0.618825078;0.48102355;0.4479338229;0.4224889278;0.4061994255;0.3765452504;0.171675548;1.583883524
674.0050659;1.364527464;1.083457947;0.6224585176;0.4815027416;0.4504922032;0.4222280681;0.4058590531;0.3772652149;0.1745617092;1.583591342
672.9888916;1.368636727;1.076421499;0.6193910241;0.4813158214;0.4480134249;0.4221210182;0.4046556354;0.377246052;0.1742190272;1.564198494
672.008728;1.378374934;1.088175297;0.6202622652;0.4809559882;0.4505133629;0.4228458107;0.404797703;0.3790348172;0.1776370108;1.587206364
670.9919434;1.378977418;1.08060956;0.6206840277;0.4821449518;0.4501435459;0.4244480729;0.4054872096;0.3781285286;0.1785336435;1.582397223
670.0111084;1.358899355;1.082063794;0.6228399873;0.4827098846;0.4512273073;0.4244219959;0.4063051045;0.3771394491;0.1807281375;1.567086577
668.9937134;1.371601939;1.076241136;0.6223024726;0.4829142392;0.4524532855;0.4248286188;0.4057687521;0.379519999;0.1820701659;1.585390568
668.0123901;1.372495532;1.08367908;0.6217407584;0.4873654544;0.4546573162;0.4262212217;0.4077040255;0.3789889514;0.18148081;1.564033151
666.9943237;1.368547678;1.07853663;0.624647975;0.4849133492;0.4541037083;0.4269210398;0.4076443017;0.3806217909;0.1854060888;1.559080601
666.0123291;1.376588106;1.082636118;0.6244519949;0.4860523939;0.4535316229;0.4260058701;0.4068396688;0.381300956;0.185899362;1.557247281
664.9936523;1.360134959;1.084579945;0.6264951825;0.4860192239;0.4568950236;0.4290949106;0.4089785814;0.3816142678;0.1877056956;1.563306093
664.0111084;1.370266676;1.087178707;0.6264238358;0.4880360961;0.456371963;0.425674051;0.4094064534;0.381788075;0.1901790649;1.563854694
662.9918213;1.365752816;1.082448006;0.6270638108;0.4884464145;0.4572241008;0.4290891886;0.410002619;0.3834390044;0.1926012188;1.565756321
662.008606;1.361183524;1.086611748;0.6281685233;0.4877231419;0.4577597976;0.428799957;0.4108309746;0.3819563389;0.1947411746;1.573509336
660.9887695;1.37208879;1.08319211;0.6284900308;0.4898005426;0.4578441083;0.431399852;0.413512677;0.3846998215;0.1975788027;1.556999207
660.0050049;1.37869513;1.089430332;0.6293439269;0.4903021455;0.458319366;0.4305268526;0.4118492305;0.3848980069;0.2002989203;1.587867022
658.9844971;1.37336278;1.089073658;0.6286827922;0.4903813303;0.4587679505;0.4308209121;0.4122986495;0.3836373091;0.2033917308;1.563446879
658.0001221;1.382407188;1.086424232;0.6309844851;0.4904795289;0.4602501988;0.431488961;0.4147516787;0.3865144551;0.2055706531;1.564968467
657.0155029;1.372902155;1.092695832;0.6334382892;0.491866827;0.4616644382;0.4329122305;0.4152713716;0.3872313201;0.2090388089;1.567371368
655.9940186;1.384256005;1.093055606;0.6312491894;0.4934581518;0.4612137675;0.4344472289;0.4170479476;0.3893248439;0.2111777961;1.553644657
655.0088501;1.379151464;1.094585061;0.6321476102;0.4941345155;0.4634216428;0.4363249838;0.4163594544;0.3882572651;0.214673087;1.570532203
653.9868164;1.370411873;1.089425802;0.6342902184;0.4948477745;0.4619535208;0.4355009198;0.4167380035;0.3891286254;0.2165898681;1.568880916
653.0009766;1.37763989;1.089810133;0.6378521323;0.496124953;0.4661785364;0.4352127016;0.4181929231;0.3901436925;0.2188047022;1.577321887
652.0148926;1.374738574;1.094316363;0.6371566653;0.4981285632;0.4643827081;0.4383004904;0.4197820127;0.3905326128;0.2213717401;1.563562989
650.9920044;1.376363158;1.091408253;0.6365613341;0.4991638958;0.4670700133;0.4388599098;0.4210369587;0.391905576;0.225348562;1.581258416
650.0053101;1.373702407;1.10119307;0.6389193535;0.5010392666;0.4666000307;0.4392512739;0.421867162;0.3928640783;0.2287360877;1.561664343
648.9817505;1.3809973;1.100799084;0.6398485303;0.5005356669;0.4684950411;0.4405143559;0.4218215644;0.3934403062;0.2325996459;1.574865103
647.9945068;1.39027667;1.095692396;0.6391355395;0.5002077818;0.470042944;0.4412609339;0.4234298468;0.3941915035;0.2352897525;1.57635498
647.006958;1.387201309;1.104425907;0.6417238116;0.5010908842;0.4693510234;0.442815125;0.4238672853;0.3962321281;0.2388103902;1.556863308
645.9825439;1.390027285;1.099816322;0.641772747;0.5035352707;0.4707932472;0.4430665374;0.4249599278;0.3958552778;0.2423750609;1.585900784
644.9943848;1.382949114;1.094632506;0.6435949206;0.5027201772;0.4722903967;0.4428924322;0.4262123406;0.3962835073;0.2463775128;1.569298029
644.0059814;1.370260835;1.105497599;0.6444438696;0.5032883883;0.47309497;0.4435124397;0.4264037311;0.3971237242;0.2509294748;1.577831149
643.0172729;1.393566966;1.101022482;0.642950654;0.5053498149;0.4732865393;0.4458387494;0.4272904992;0.3992022872;0.2542521954;1.562652946
641.9916992;1.388943195;1.100891948;0.6437216997;0.505490303;0.472656548;0.4443027675;0.4280659556;0.3994392455;0.2595553696;1.566541076
641.0023804;1.385088325;1.10223639;0.6468499303;0.507521987;0.4745010138;0.448197037;0.4298459888;0.4007441103;0.263746798;1.54724133
640.0128784;1.394897699;1.106287122;0.6465982199;0.5058738589;0.4753834903;0.4485950172;0.4300692677;0.4016390443;0.2676553726;1.57152319
638.9863281;1.38499105;1.099304199;0.647187531;0.5061579943;0.4767219126;0.4491842687;0.4295364618;0.4025533795;0.2715339661;1.549517274
637.9962158;1.387313366;1.097301006;0.6469529867;0.5090582371;0.4777742922;0.4494462311;0.4314849973;0.4021003246;0.2779034972;1.564183116
637.0057983;1.381096959;1.107799292;0.6474598646;0.5099650621;0.477565527;0.4514659345;0.4338435233;0.402915597;0.2820613384;1.556414843
636.0151367;1.392417669;1.106580019;0.6484666467;0.5100795627;0.4778496623;0.4514691234;0.4331032634;0.4040823281;0.2862166464;1.560409665
634.9874878;1.388403535;1.102657557;0.649179101;0.5109892488;0.4794932902;0.4517083764;0.4332914352;0.4051068723;0.2906708121;1.562014103
633.9962158;1.395511746;1.108276725;0.6468736529;0.5113083124;0.4804591238;0.453405261;0.4355244637;0.4058937728;0.2957169712;1.559272885
633.0046997;1.394089699;1.102452755;0.6506569982;0.5136116147;0.4805091918;0.4520398974;0.4347223341;0.4066700637;0.2995826006;1.561981082
632.0128784;1.388491988;1.107722282;0.6504428387;0.5132012367;0.4807447195;0.4536285996;0.4353013933;0.4064088166;0.3057387173;1.557012439
630.9840088;1.392156482;1.111264348;0.6521323919;0.5138712525;0.4828533232;0.4540619552;0.4362886548;0.407776624;0.3110845983;1.558216333
629.9916382;1.389625549;1.115278721;0.6512447596;0.5135645866;0.4835033417;0.4558194578;0.4380654693;0.4084706604;0.3149526417;1.563837051
628.9990234;1.401529312;1.107281208;0.6535857916;0.5139183998;0.4836521149;0.4566739798;0.4368796647;0.4100979865;0.321901381;1.563943863
628.0060425;1.391901612;1.107182384;0.6551038623;0.515155673;0.4840666056;0.4569708109;0.438642323;0.4113486111;0.3270644248;1.56345129
627.0128784;1.388018966;1.107911229;0.6562134624;0.5151064396;0.4853359461;0.4579013884;0.4381125271;0.4127333164;0.3324535191;1.561765313
625.982605;1.396877885;1.109496355;0.6582091451;0.5177200437;0.4864875376;0.4589988589;0.4396471977;0.4111732543;0.3383601904;1.553542852
624.9887695;1.390792608;1.103432178;0.657176733;0.5188044906;0.4872144163;0.4599734545;0.4411684275;0.4129267931;0.3455024064;1.54989481
623.994812;1.391088009;1.110227108;0.6560236812;0.5179678202;0.4873452187;0.4594420791;0.4430772066;0.413467288;0.3511919975;1.566422701
623.0004883;1.39434731;1.116056919;0.6563737988;0.5199132562;0.4878806472;0.4611318707;0.4426516294;0.4149993658;0.3566509485;1.538695335
622.0059204;1.390906453;1.105623484;0.6582920551;0.5200871825;0.4885617197;0.461250931;0.4426028132;0.4144223332;0.3630838096;1.555109382
621.0109863;1.397301912;1.108615637;0.6596542001;0.5188758373;0.488370955;0.4631924629;0.4434013963;0.4166012704;0.3693834543;1.554942012
620.0159302;1.397249579;1.112444758;0.6596308351;0.5214551091;0.4903067946;0.4633423984;0.4449823797;0.4168795049;0.3769616485;1.561565638
618.9835815;1.391741991;1.112129092;0.6597446203;0.5222092867;0.4914523959;0.4641057253;0.4451526999;0.4178847075;0.3832363188;1.566238642
617.987854;1.384892702;1.115211725;0.6595422029;0.5228410363;0.4902363718;0.4636780322;0.4471427202;0.4184688926;0.3904150128;1.544110298
616.9919434;1.391802192;1.109912515;0.6599772573;0.524118185;0.4926236868;0.4643709958;0.4468818903;0.4185845554;0.3960976005;1.555977106
615.9957275;1.3892802;1.116350412;0.6614575982;0.523740232;0.4923131466;0.4655919969;0.447332263;0.4190322757;0.4036751091;1.562208891
614.9991455;1.383400083;1.113622785;0.661223352;0.5245034099;0.4926882386;0.4657594562;0.4481092095;0.4206828475;0.4092135131;1.54949832
614.0024414;1.39696157;1.110995889;0.6628891826;0.5242506862;0.4920318425;0.4687473476;0.4483783543;0.4211314917;0.4174973071;1.55358696
613.0054321;1.386802912;1.113567591;0.6617640257;0.5248726606;0.4940217137;0.4666655362;0.448946476;0.4227396846;0.4224737883;1.554720521
612.0080566;1.383925319;1.10737443;0.6635050178;0.5259706974;0.4947753251;0.4689418972;0.4501218796;0.4215757847;0.4311189353;1.547769189
611.010498;1.390972376;1.114557266;0.6639182568;0.5272464752;0.4957248867;0.4690835476;0.450139761;0.42379269;0.4389306605;1.545238137
610.0126953;1.391584396;1.113201618;0.6639884114;0.5265969038;0.4954627156;0.4693368375;0.4512699544;0.4241791368;0.4468542635;1.55550456
609.0145264;1.394733906;1.114912868;0.6639383435;0.5258845687;0.4955381751;0.4687820077;0.4506239891;0.4233359694;0.4523929954;1.550913811
608.0161743;1.393493056;1.110182166;0.663067162;0.5258470774;0.4954806566;0.4692861438;0.4507963359;0.4235585928;0.4587258101;1.550386429
607.0174561;1.389235854;1.116830349;0.6647921205;0.5278263092;0.4970109761;0.4712171555;0.4532320797;0.4254021645;0.4688538313;1.546119809
605.9815674;1.388723135;1.113960028;0.6648275852;0.5277850628;0.4969518185;0.4709051847;0.4525878727;0.4259296656;0.47544837;1.553113103
604.9823608;1.390288115;1.111951947;0.664434731;0.5275073647;0.4977363944;0.4707381129;0.4519232213;0.4252342582;0.4828035831;1.547793746
603.9829102;1.393192172;1.110375166;0.6636666059;0.5288768411;0.4967190027;0.4715698063;0.4533424079;0.4255795181;0.4907602072;1.557306647
602.9832153;1.386148334;1.113882542;0.6640611887;0.5287082791;0.4973705411;0.4712970555;0.4523614645;0.4256865382;0.4977839291;1.556965113
601.9832153;1.391057253;1.107444763;0.6635795832;0.5272597075;0.495354861;0.4698057473;0.45197317;0.4255628884;0.5041546822;1.545904517
600.9829102;1.398257256;1.113503337;0.6640036106;0.5276907682;0.4976499081;0.4712362587;0.4533826411;0.4252346456;0.5126242042;1.535530448
599.9824219;1.386239052;1.110724688;0.6627224088;0.5283473134;0.4984481335;0.4710601866;0.4516270161;0.4264246821;0.5198128819;1.542938471
598.9816284;1.390501857;1.111958265;0.665602088;0.5284513235;0.4983880222;0.4712340832;0.4536013901;0.4280847013;0.5299780369;1.540295601
598.0177002;1.391017556;1.108994246;0.6639730334;0.5276998878;0.4975566566;0.471773535;0.4534866214;0.4278007746;0.5352634192;1.547531605
597.0163574;1.389408469;1.109758973;0.6644906402;0.5278818011;0.497351855;0.4718771875;0.4524939358;0.4276615083;0.5442172289;1.544775486
596.0148315;1.384003282;1.112818956;0.6643577814;0.5278241634;0.4958878458;0.4725497961;0.4537954628;0.4283766747;0.5523779988;1.547853708
595.0130005;1.381370306;1.110165596;0.6622149348;0.5273166299;0.4954699874;0.4697330594;0.4516408145;0.4253185093;0.5600889921;1.544597626
594.0109253;1.384145021;1.108655453;0.6623479724;0.5263076425;0.4969451725;0.4708014727;0.4507069588;0.426033169;0.565903604;1.545495749
593.0085449;1.392039061;1.109470606;0.6618238688;0.5248845816;0.4946702719;0.4699053764;0.4510361254;0.4261157811;0.5744916201;1.533630133
592.0059814;1.384316802;1.103154778;0.6604039073;0.5254466534;0.4956305325;0.470464319;0.4519357383;0.4254242182;0.5822777152;1.543882966
591.0031128;1.384895444;1.107149243;0.6605693698;0.5255693793;0.4954979122;0.4698981941;0.4505872428;0.4266816974;0.5903483629;1.548206806
589.999939;1.385757804;1.106665492;0.6609023809;0.5246625543;0.4949714839;0.4689414799;0.4513157904;0.4265657365;0.5984960198;1.542950511
588.996582;1.379730463;1.106155634;0.659760654;0.5246147513;0.4941396713;0.4697074294;0.4509375691;0.4246878624;0.604939878;1.545290589
587.9929199;1.384325862;1.107518554;0.6593665481;0.525264442;0.4947818518;0.4687753618;0.4502827823;0.4261480868;0.6130024791;1.539662123
586.9890137;1.376110792;1.103913665;0.6585312486;0.5240240097;0.4954461753;0.4699344337;0.451153934;0.425919652;0.6206116676;1.549698353
585.9848022;1.377958298;1.106033921;0.6590158343;0.5234473348;0.4928980172;0.4684068561;0.4498408139;0.4249070287;0.628264308;1.537357569
585.0176392;1.377239585;1.102196455;0.6591501236;0.5238823891;0.4938573539;0.4681991935;0.4499903321;0.4250119328;0.6365883946;1.545888662
584.0129395;1.379820585;1.100973606;0.6580209136;0.5226661563;0.4932952225;0.4683088362;0.4478234351;0.4251596034;0.6433440447;1.536194921
583.0080566;1.38497138;1.102261662;0.6584866643;0.5224301219;0.4927634299;0.4689415097;0.4495213628;0.4254674911;0.6502472162;1.536711335
582.0028076;1.378462672;1.096825361;0.6573444605;0.521481514;0.4915907085;0.4676953256;0.4485792518;0.4238101542;0.6585229039;1.533500671
580.9974365;1.372475147;1.098997116;0.6576969028;0.5237283707;0.4927115142;0.4683356285;0.4498386085;0.4249560535;0.667725265;1.535607815
579.9917603;1.373786092;1.099351287;0.6546442509;0.5209790468;0.4898735285;0.4663614035;0.4471190572;0.4225419462;0.6742485166;1.539685726
578.9857788;1.379253507;1.102203846;0.6570885181;0.5222520828;0.4908925593;0.4684666395;0.449575156;0.4243372679;0.6820571423;1.545863748
578.0168457;1.367362857;1.095626712;0.6555232406;0.5206512809;0.490170449;0.4674734175;0.4476961493;0.4238128662;0.6892685294;1.539970756
577.010437;1.374446511;1.09735167;0.6549068689;0.5197108984;0.490051806;0.4653080106;0.4476324916;0.4245034754;0.6974920034;1.539301872
576.0037231;1.370575547;1.103207588;0.6551731229;0.5197417736;0.4897495806;0.4658830166;0.4472748637;0.4225299954;0.7038573623;1.537243843
574.9967651;1.371957421;1.095106363;0.6527954936;0.5186299682;0.4890541732;0.4652711451;0.4454791844;0.4217106998;0.7092798948;1.53089726
573.989563;1.369457245;1.095429182;0.6515772343;0.5181732178;0.4883105755;0.4652021825;0.4456741512;0.4223594666;0.7160937786;1.53521049
572.9821167;1.365599632;1.094799042;0.6505475044;0.516382575;0.4867867231;0.4641138613;0.4450058937;0.4211172163;0.7238054276;1.531880379
572.0117188;1.368940353;1.094500899;0.650534749;0.5164584517;0.4872714877;0.4622740746;0.4441244006;0.4202932119;0.7303732634;1.531410933
571.0037842;1.367203116;1.090560079;0.6501778364;0.5157704949;0.4856958389;0.4625075161;0.4436865151;0.4199861586;0.7377284169;1.537418604
569.9955444;1.368811369;1.090467453;0.6489285231;0.5147597194;0.4839109778;0.4620124698;0.4420880377;0.4180655479;0.7430677414;1.527313828
568.9871826;1.366559744;1.090492845;0.6495159864;0.5140047669;0.4844391644;0.4613572359;0.4417131543;0.4182777703;0.7488338351;1.532199979
568.0157471;1.358664632;1.087170601;0.6472404003;0.5132888556;0.4831085801;0.4610420167;0.4415901005;0.4178041518;0.753684938;1.531901717
567.006897;1.357941151;1.088577747;0.6460131407;0.5116794705;0.4821760058;0.4594569504;0.4405955374;0.417727828;0.7606508136;1.527506471
565.9976807;1.35420084;1.085846901;0.6450052857;0.5104533434;0.4819640219;0.459204644;0.4391108155;0.416380465;0.7657270432;1.534976125
564.9882202;1.364273548;1.081543446;0.645537734;0.5101540089;0.4813444316;0.4586215317;0.4380255342;0.4155553281;0.7708210945;1.529774666
564.0158691;1.357678413;1.084391594;0.6432051659;0.5096712708;0.4801420569;0.4571215808;0.4379756153;0.4140461087;0.777205348;1.523049355
563.0059814;1.355769992;1.085694909;0.6440141797;0.5094616413;0.478305161;0.4579246938;0.4367003441;0.4144464433;0.7831383348;1.534237027
561.9958496;1.363763452;1.084328771;0.6413993835;0.5079730153;0.4778774083;0.4570738971;0.4357212782;0.4141818881;0.7848715186;1.531686544
560.9854736;1.354221582;1.08117187;0.6403950453;0.5070982575;0.4776314497;0.4562050104;0.4344123006;0.4127252698;0.7895593643;1.532348514
560.012146;1.353774428;1.080406904;0.6399811506;0.5057043433;0.4780693054;0.4548512995;0.4344406724;0.4118219614;0.7947532535;1.527459502
559.0012817;1.352550626;1.078722954;0.6397637725;0.505444169;0.4754840434;0.4539092183;0.4337890148;0.4112243652;0.7990845442;1.530846953
557.9901123;1.353313446;1.076928854;0.6380324364;0.5038858056;0.4749809802;0.452784121;0.4324430227;0.409689337;0.8024435639;1.52807188
557.0161743;1.350286841;1.076246977;0.636339426;0.502876699;0.4749910831;0.4528301656;0.4320966005;0.4090011716;0.8061023355;1.524582148
556.0045776;1.348317623;1.076233625;0.6360300779;0.501681447;0.4731068909;0.4512145519;0.430529952;0.4085098207;0.8098508716;1.525897264
554.9926758;1.345021844;1.073839903;0.6354661584;0.5017035604;0.4719370008;0.4504036903;0.4296828508;0.4082080126;0.8138997555;1.524110913
554.0180664;1.351543784;1.076248527;0.6350136399;0.5003730655;0.4713061154;0.4497158825;0.4297694564;0.4071016908;0.8168533444;1.518399358
553.0057373;1.34627521;1.070283055;0.6343910694;0.49914065;0.4709817469;0.4484594762;0.4283122718;0.4056992531;0.8183380365;1.525737166
551.993103;1.348490953;1.074270606;0.6320853233;0.4987517297;0.4702244997;0.4477312565;0.4274767637;0.4057728648;0.8219277263;1.521418452
551.0177612;1.348588347;1.070590734;0.6322129369;0.4978976548;0.4687157273;0.4472301006;0.4268692434;0.4043736458;0.8236997724;1.515620828
550.0047607;1.341861248;1.070647717;0.6316463351;0.4977457821;0.4682647288;0.4471338987;0.4259808362;0.4037993252;0.8249542713;1.517529845
548.991394;1.34158206;1.068536401;0.6306115389;0.4965232313;0.4670256078;0.4460528791;0.424851954;0.40326038;0.8281713128;1.520291448
548.0153809;1.341912866;1.066154361;0.6297281384;0.4961489141;0.4669596255;0.4457626939;0.4248661697;0.4030092657;0.8299875855;1.51907444
547.0015869;1.339437246;1.06731391;0.6296693683;0.4950901866;0.4669474661;0.4453260005;0.4241387248;0.401663661;0.8314269781;1.521319985
545.9876099;1.336363077;1.06621182;0.6292259097;0.4945770204;0.4655554593;0.4446945786;0.4232448637;0.4011912346;0.8324726224;1.522946596
545.0108643;1.33509326;1.065181732;0.6283844113;0.4940902293;0.4650107622;0.4440484643;0.4231449664;0.4008276761;0.8332394958;1.521250248
543.9963989;1.335220337;1.064399004;0.6280405521;0.4931522906;0.4650722146;0.443173945;0.4218537211;0.4002836645;0.8339297175;1.516682267
542.9816284;1.335001588;1.065009832;0.626609087;0.4932398498;0.4639159143;0.4427193403;0.4213806689;0.4001098573;0.8336670995;1.519280195
542.0042114;1.336593151;1.062500119;0.6266652942;0.4920990765;0.4632030725;0.4424094558;0.4202840924;0.3982729018;0.8334059715;1.518962502
540.9890137;1.331835032;1.063143849;0.6259246469;0.4915332198;0.4625809491;0.4417352378;0.4204068184;0.3978175819;0.8332628608;1.515993237
540.0112305;1.336046576;1.061931729;0.6261205673;0.4914884865;0.4632708728;0.4419604242;0.4200135469;0.3984311819;0.8336533904;1.518357873
538.9955444;1.334625125;1.061455727;0.6256421208;0.4911892116;0.4630339444;0.4418391883;0.4205020368;0.39790079;0.8336937428;1.519390464
538.0172119;1.334147692;1.061740279;0.6256605387;0.4912287593;0.4620619118;0.4415077269;0.4193330705;0.39844504;0.831284821;1.519105911
537.0011597;1.332335114;1.06003511;0.6246588826;0.4906031191;0.4625399709;0.4410431981;0.4190552533;0.3970577419;0.8303599954;1.518356323
535.9847412;1.333108902;1.060493827;0.6253503561;0.4902729988;0.4622212052;0.4409162104;0.4189334214;0.3974806666;0.8295503259;1.516005754
535.0058594;1.334731102;1.061532974;0.6254353523;0.4910051525;0.4615630209;0.4408233762;0.4192782044;0.3978530765;0.8266598582;1.514998198
533.9889526;1.332631826;1.059637785;0.6248831153;0.4901406169;0.4615473747;0.4401165843;0.4185055196;0.3970486224;0.8235706687;1.518551707
533.0095825;1.330269337;1.061065078;0.6243325472;0.4904031456;0.4617923498;0.440312624;0.4185533226;0.3961889446;0.8219046593;1.519296288
531.9922485;1.33242166;1.060929775;0.6247615814;0.4903678;0.4607155025;0.4408106804;0.4188223779;0.3973531723;0.8178982139;1.517414451
531.0124512;1.333267093;1.059813023;0.6245341301;0.4901593029;0.4612367451;0.4409410059;0.4191754162;0.3968491852;0.8158591986;1.515695333
529.9946899;1.33178401;1.058142781;0.62543118;0.4903202057;0.4606185555;0.4411379099;0.4189967513;0.3975821137;0.8122597933;1.514481544
529.0144043;1.331576467;1.059875131;0.6248324513;0.4903674424;0.4612002671;0.439936161;0.418130517;0.3958170414;0.8084336519;1.518238425
527.9962158;1.33555162;1.059709787;0.6250664592;0.4902713597;0.4621652663;0.4405025244;0.4181739092;0.3956428766;0.8047507405;1.518709779
527.0155029;1.330782294;1.06108129;0.625248313;0.491003722;0.4614212513;0.4408918321;0.418580085;0.3972789943;0.8004703522;1.516786814
525.9967651;1.330753565;1.05870235;0.6252179742;0.4905637503;0.4617000818;0.4400598109;0.418559283;0.395972997;0.7964558005;1.515566587
525.015686;1.330960035;1.059447765;0.6249664426;0.4906436801;0.4618218541;0.4403763413;0.4181031585;0.3952309489;0.7900617123;1.513973951
523.996521;1.331522346;1.057651639;0.6252238154;0.4904818535;0.4621948004;0.4408336878;0.4183162153;0.3959712684;0.7857216597;1.522830248
523.0149536;1.330649853;1.060816288;0.6255282164;0.4902023673;0.4614086151;0.4404282272;0.4180288613;0.3952458501;0.779163003;1.518852711
521.9953613;1.331373096;1.05756104;0.6246989965;0.4900838435;0.4612383246;0.4403456748;0.4177606702;0.3955850303;0.7721322775;1.514118552
521.0133667;1.332786202;1.057827711;0.6256831884;0.4908815026;0.4611698687;0.4407991171;0.4176539183;0.3957456648;0.7660744786;1.517603517
519.9932861;1.32940352;1.058347464;0.6259414554;0.4906985462;0.4610432386;0.4410304129;0.4183338881;0.3951255381;0.7592223883;1.518752933
519.0108643;1.330349565;1.05696106;0.6248828769;0.4898720086;0.460858047;0.4405664802;0.4178200364;0.3952778578;0.7528294325;1.517556667
517.9904175;1.335097551;1.059105396;0.625230372;0.4908275604;0.4620126486;0.4410329163;0.4176536798;0.3955008388;0.7451182008;1.519395351
517.0075073;1.330174327;1.056878567;0.6249861121;0.4903227091;0.4619980454;0.4409931302;0.4178292453;0.395332098;0.7378997803;1.521078825
515.9866333;1.33121419;1.057731271;0.6255268455;0.490116179;0.4613399506;0.4404553771;0.4179451466;0.3950075507;0.7297615409;1.520218015
515.0032959;1.332077146;1.057973981;0.6256250739;0.4909209013;0.4616978168;0.4410668314;0.4180209339;0.3954108059;0.7221823335;1.51073575
513.9819336;1.331150651;1.057929754;0.6258476973;0.4910850227;0.4622270763;0.4407854974;0.4182417393;0.395163238;0.7122560143;1.513852715
512.99823;1.335115314;1.05846107;0.6255526543;0.4911396503;0.4613198042;0.4411403835;0.4179680347;0.3947649002;0.7043988705;1.513214946
512.0142212;1.327779889;1.057810664;0.6258071065;0.4905879498;0.4620928168;0.4404040277;0.4177417457;0.3951303661;0.6968277097;1.515033603
510.9921875;1.328480005;1.057699561;0.6270560622;0.4911723733;0.4616722763;0.440890044;0.4176282585;0.3949183822;0.6868075132;1.506027222
510.007843;1.332388878;1.059305787;0.6266863942;0.4910590053;0.4617892206;0.4408510923;0.4170683026;0.3945900202;0.6774721742;1.514792442
508.9853821;1.331095338;1.056836247;0.6258077621;0.4909572005;0.4615267217;0.4401401579;0.4165278673;0.3949991465;0.6674405932;1.522427082
508.0005798;1.331437349;1.056185007;0.6270244122;0.4911853671;0.4616543651;0.4407003522;0.4173547328;0.3949169219;0.6584571004;1.512714863
507.0155334;1.331475139;1.05886662;0.6259768009;0.4909195006;0.4624537826;0.4403342605;0.4177324772;0.3942709267;0.6483252645;1.502761006
505.9924622;1.329212904;1.060726643;0.6254253387;0.4909283519;0.4605002105;0.4406395555;0.4169727862;0.3953030407;0.6383411288;1.514282584
505.007019;1.334853053;1.057371616;0.6265954971;0.4910723865;0.4615393579;0.4400982559;0.4173314273;0.3942834735;0.627091229;1.512720466
503.983429;1.331104279;1.057240367;0.6268780231;0.49012959;0.4610887766;0.4405210614;0.4171641469;0.3941279054;0.6180132627;1.505269289
502.9976196;1.332209826;1.05695653;0.6273664832;0.490795821;0.4613718092;0.441408217;0.417127341;0.3940411508;0.6062284112;1.517332077
502.0116272;1.33074224;1.058120608;0.6259013414;0.4910080731;0.4618337154;0.4396840334;0.4163841009;0.393409878;0.5969324708;1.516327024
500.9873657;1.332320452;1.05758667;0.626301825;0.490760982;0.4615730047;0.4397861362;0.4163080752;0.393445015;0.586042285;1.511294842
500.0009155;1.326692581;1.057663441;0.6265830398;0.4909221828;0.4610346556;0.4402993023;0.4173656106;0.3934074044;0.5759640336;1.507848263
499.0141907;1.330650449;1.056890488;0.6259622574;0.4911846519;0.4611758888;0.4398104846;0.4168650508;0.393501699;0.5658196211;1.50808382
497.9894104;1.328938127;1.05637455;0.6253908873;0.4903568327;0.4612781703;0.4397503436;0.4157988727;0.3934111893;0.5550547242;1.510580182
497.0023499;1.32904017;1.05769217;0.6267334819;0.4908391833;0.4610896707;0.4397069216;0.416230768;0.3930782676;0.5443181396;1.511556268
496.0150146;1.328117251;1.057801485;0.6267288923;0.4912706017;0.4615163207;0.4400663376;0.4158639014;0.392721653;0.5342617035;1.509486675
494.989563;1.328352213;1.057174087;0.6269291639;0.4915268719;0.4614885449;0.4397488534;0.4154848456;0.39299196;0.5234725475;1.513890982
494.0018005;1.328599095;1.057831764;0.6281045079;0.4926834404;0.4618330598;0.4406712055;0.4170761704;0.3939948082;0.5118204951;1.50941968
493.013916;1.331562161;1.055027485;0.6284325123;0.4917808473;0.4617398679;0.4398560524;0.4173092544;0.3942283988;0.5014415383;1.509516478
491.9878235;1.331816316;1.057185531;0.6277208328;0.4916087091;0.4617867172;0.4398178458;0.4166320562;0.3925080895;0.4914784431;1.508504987
490.9994812;1.331154227;1.058120728;0.6284741163;0.4921279252;0.4622474909;0.4410054684;0.4170583487;0.3931247294;0.4803490639;1.507116079
490.0109558;1.333477855;1.056394577;0.628888011;0.4924658835;0.4621506631;0.4412029386;0.4171994925;0.3937735558;0.4693490267;1.505133033
488.9842224;1.33166945;1.057586432;0.6288028955;0.4924871624;0.462513715;0.4409889579;0.4169710279;0.3934538066;0.4582084119;1.507570624
487.9953308;1.332711697;1.057761312;0.6284267306;0.4924330711;0.4625757039;0.4410844743;0.4167609215;0.3934834898;0.4503472149;1.505733967
487.0062256;1.330618143;1.058475852;0.6291674376;0.4935466945;0.4635808766;0.4412035644;0.4174744487;0.3933233619;0.4410164356;1.501201868
486.0169373;1.334656358;1.059801221;0.6302115321;0.493732512;0.4636503756;0.4418125153;0.4176284075;0.3941609859;0.4298446178;1.501947641
484.9893188;1.332981467;1.058797121;0.6307178736;0.4941635728;0.463478744;0.4418359399;0.4183503091;0.3953925073;0.419285059;1.500402808
483.9996033;1.333226323;1.059031129;0.6305782199;0.4948893487;0.4646908045;0.4410871863;0.417910248;0.3933332264;0.4118896425;1.504456401
483.0097046;1.335420251;1.061209559;0.6320051551;0.4957495332;0.4658769667;0.4435361326;0.4188317358;0.3948282301;0.4031866789;1.502606511
481.9814453;1.338034034;1.060550094;0.6321614385;0.4966015816;0.4662388861;0.4447908998;0.4205274582;0.3963320255;0.3945156634;1.499045014
480.9911804;1.33486557;1.059712768;0.6326668262;0.4969159067;0.4666273594;0.4444276094;0.4194769263;0.3957948983;0.3853075206;1.501395941
480.0006104;1.340106487;1.061463833;0.6361658573;0.498552829;0.4686213732;0.4457100332;0.4218800366;0.3982159495;0.3775713444;1.500927091
479.0099182;1.335514188;1.064028978;0.6366366148;0.4999808073;0.4689157009;0.447235465;0.4237441719;0.3988044858;0.3693160415;1.499402523
478.0190125;1.337769508;1.067041278;0.6365994215;0.5007343292;0.4693514109;0.4477106333;0.424169153;0.3992752731;0.3615224361;1.500154376
476.9897766;1.338884115;1.064771771;0.6377570033;0.5018949509;0.4712259769;0.4487939477;0.4248539507;0.4002748728;0.3556581438;1.499226689
475.9984741;1.340925694;1.067886472;0.6384011507;0.5032388568;0.4726909399;0.4502142668;0.4264913797;0.4017475247;0.3497514129;1.498173594
475.007019;1.340427399;1.068643093;0.6397733688;0.5044677258;0.4743576646;0.4513958991;0.4275615513;0.4035837352;0.3438869417;1.497012496
474.0152893;1.342610598;1.070892811;0.6426492333;0.5057080984;0.4750471413;0.453494817;0.4293771386;0.4051798284;0.3379456401;1.492609382
472.98526;1.343550086;1.070563078;0.6438977122;0.5071044564;0.477219075;0.4539258778;0.4300557673;0.4064175785;0.3320752084;1.494885802
471.9931946;1.347630501;1.070796609;0.645473063;0.509327054;0.478741169;0.4564219713;0.431412518;0.4073339701;0.3257108033;1.494311333
471.0009155;1.348670602;1.072627664;0.6461674571;0.5106596947;0.4794538617;0.4577955604;0.4329801798;0.4089457095;0.3207394779;1.494957805
470.0084534;1.34550786;1.074645162;0.6488423944;0.511951983;0.4818276465;0.4586771131;0.434640348;0.4099877477;0.3150133789;1.496504664
469.0158386;1.349748254;1.077253819;0.6512370706;0.5145002604;0.483183831;0.4607286155;0.4371967316;0.4122017622;0.3103934824;1.496954679
467.9847412;1.352928638;1.078110576;0.6519705057;0.5159988999;0.4846695662;0.4628055692;0.438075006;0.413454026;0.3054592013;1.497793436
466.9916687;1.355387688;1.081590772;0.6533514261;0.5179165602;0.4870833158;0.4641641676;0.4396565855;0.4154122472;0.3016873896;1.492824197
465.9984436;1.354539871;1.083126307;0.6547185183;0.5191926956;0.4877797067;0.4655492306;0.4408159554;0.4168602228;0.2973008752;1.493122816
465.0049744;1.355604053;1.081962705;0.6561707258;0.5204946995;0.4898295701;0.4670405686;0.4435335398;0.4178553224;0.2935350835;1.494993806
464.0113831;1.358649015;1.083568931;0.6581689119;0.5224857926;0.4915231466;0.4688820839;0.4449646771;0.4198617041;0.2899263799;1.491970301
463.0175781;1.358754754;1.084489346;0.6597442627;0.5240895748;0.4932261109;0.4701044858;0.4462039471;0.4212684333;0.2872375548;1.496949911
461.9853821;1.359549642;1.086031437;0.6620326638;0.5254517794;0.4945812225;0.470921278;0.4472651184;0.4230625927;0.284532696;1.49335587
460.9911804;1.360119581;1.088000774;0.6632856727;0.5267778635;0.4961956739;0.4731640816;0.4496088624;0.4247334898;0.2825651467;1.494744658
459.9967957;1.361986399;1.089807391;0.6636632085;0.527905941;0.4971639514;0.4742282331;0.4501376152;0.4248073399;0.2812049091;1.495382309
459.0022278;1.365004182;1.090374112;0.6649808288;0.5299156904;0.4990941584;0.4755998254;0.4519361258;0.4271218181;0.2801516056;1.496898413
458.0074463;1.362948537;1.090507984;0.6671441793;0.5311192274;0.5007179976;0.4770286381;0.4536193311;0.4292970598;0.2771119475;1.498033404
457.0125427;1.364279151;1.093327522;0.6685798764;0.5322989225;0.5025632381;0.4786805212;0.4548805654;0.4303642809;0.2737762928;1.488030314
456.0174255;1.370073318;1.093294501;0.6694794893;0.5341684818;0.5036129355;0.4797654748;0.4556654692;0.4317787886;0.2712896466;1.487816095
454.9838257;1.365481019;1.094926953;0.6708592772;0.5358282924;0.5049986839;0.4814548492;0.4576466382;0.4338099957;0.2694741189;1.49328351
453.9883423;1.370413184;1.097627401;0.6721248031;0.5365200043;0.5067908764;0.4833022952;0.4593415856;0.4351377487;0.2678766251;1.488558412
452.9925842;1.369600415;1.097058892;0.6736242175;0.5376526117;0.507597506;0.4846890271;0.460467279;0.4362007678;0.266400069;1.492892981
451.9967651;1.370089412;1.102382183;0.6753313541;0.5393439531;0.5088796616;0.4860389233;0.4620049596;0.4372068644;0.265596807;1.488842845
451.0007019;1.372602224;1.099494219;0.6762784123;0.5414927006;0.5113031268;0.487717092;0.4636738598;0.4390777946;0.2654712796;1.488689065
450.0044556;1.372436762;1.100163817;0.677374959;0.5425282717;0.5121115446;0.4891523421;0.4647030234;0.4408202469;0.2655637264;1.491796613
449.0079956;1.373706102;1.101249099;0.6790238023;0.5435658693;0.5132904649;0.4905291498;0.4663950503;0.4416302741;0.2655393183;1.492292762
448.0114441;1.373127222;1.101800799;0.680441916;0.5454671383;0.515121758;0.4913466275;0.4675804079;0.4429610968;0.2654414773;1.487610698
447.0146484;1.371753693;1.102419734;0.682055831;0.5459385514;0.5165419579;0.4925914705;0.4690501988;0.4441181123;0.2661177814;1.487406969
446.0176392;1.375815272;1.104591131;0.6836401224;0.5474914908;0.5176765919;0.4940584004;0.4701889455;0.4457981586;0.2670264244;1.491897345
444.9820862;1.373868704;1.105161428;0.6837756634;0.5488022566;0.5189359784;0.495302707;0.4717141688;0.4470823705;0.2679907382;1.486618996
443.9847717;1.379167199;1.104775071;0.6845892668;0.5504018068;0.5204805732;0.4971532226;0.4733281136;0.4484560192;0.2698194981;1.487903714
442.9872742;1.377158165;1.106747985;0.6863505244;0.5514723659;0.5215204954;0.4980734885;0.4741100073;0.4492532015;0.2712553144;1.485816956
441.989502;1.379309773;1.10747838;0.6871032119;0.552046597;0.5233957767;0.4995750487;0.4751144946;0.4512623549;0.2733546495;1.481984019
440.9916382;1.37848711;1.106920838;0.6876724958;0.5536310673;0.5231756568;0.5003794432;0.4767964184;0.4518203735;0.275826782;1.484078884
439.9936218;1.377439737;1.108248115;0.688328445;0.5541665554;0.525521338;0.5017995834;0.4779768288;0.4534550607;0.2783215642;1.480867743
438.9953613;1.379432797;1.109843612;0.6901328564;0.5557006001;0.5255522728;0.5026182532;0.4790933728;0.4552900493;0.2812582254;1.484291077
437.9969177;1.381222725;1.109317183;0.6902762055;0.5564273;0.5261534452;0.5029212832;0.4801412821;0.4561569095;0.2842049003;1.482394695
436.9983215;1.381766319;1.111249685;0.6916413307;0.5569575429;0.528296113;0.5044596791;0.4808772802;0.4571454227;0.2873488665;1.482287049
435.9995422;1.381801486;1.11143589;0.6912358403;0.5581293106;0.5288386941;0.5057455301;0.4823347032;0.4578611553;0.2915960848;1.480378389
435.0005493;1.380264878;1.111231923;0.6926086545;0.559030354;0.5292375684;0.5064530373;0.4834286571;0.4590606391;0.2956081927;1.477956414
434.0014343;1.379009724;1.112050891;0.6931968331;0.5597629547;0.5299640894;0.5070245862;0.4833639264;0.4598501325;0.299580276;1.479077816
433.0021667;1.380102634;1.111005068;0.6933121085;0.5597836971;0.5313128233;0.5075521469;0.4837299883;0.4608031511;0.304446876;1.478564978
432.0026855;1.38199687;1.116312265;0.6942710876;0.5604502559;0.5320221186;0.5081598163;0.4847634733;0.4611602426;0.3093543053;1.481641889
431.0029907;1.380487084;1.112262845;0.6945345998;0.5610173941;0.5321631432;0.5094035864;0.486086458;0.4626679122;0.3154512942;1.476834536
430.0031433;1.380243778;1.113767028;0.6946023107;0.5614264011;0.5324170589;0.5096738338;0.4861448705;0.4635180831;0.3206344545;1.475640059
429.0031433;1.381590128;1.108873248;0.6951545477;0.5617568493;0.5332061648;0.5102306604;0.4872740209;0.4636519253;0.3272570372;1.475136518
428.0029297;1.381524444;1.110068321;0.6948168278;0.5616529584;0.5338261724;0.5109491944;0.4871231616;0.4647807479;0.3330964446;1.47298944
427.0025635;1.37708056;1.111050367;0.6949108243;0.5621752143;0.5335735083;0.5109292865;0.4872529507;0.4646762013;0.3401984572;1.474531293
426.0020142;1.379814386;1.110770106;0.6954061389;0.5623781681;0.5340564251;0.5112409592;0.4895113707;0.4637007117;0.3467729688;1.472083211
425.0013428;1.378411531;1.110248089;0.6948068142;0.5625219941;0.5342832804;0.5115606189;0.4882042706;0.4652451575;0.3542037606;1.467146754
424.0004272;1.374832153;1.110674858;0.6944733262;0.5621612072;0.5348063707;0.5116315484;0.4882694483;0.4654211998;0.3612243235;1.471878171
422.9993591;1.376469612;1.108754516;0.6937494874;0.5620934367;0.533608973;0.5111497045;0.4885642231;0.4660197198;0.3688652515;1.467900872
421.9981384;1.376192927;1.107921004;0.6938351989;0.5618851185;0.5340166688;0.5116487145;0.4886301458;0.4660356045;0.3771606684;1.466640353
420.9967346;1.373940825;1.107679963;0.6930187941;0.5617445707;0.5344031453;0.5110546947;0.4884008467;0.4659892917;0.386292994;1.470275521
419.9951477;1.37337184;1.107434154;0.6924194098;0.5611360073;0.5338876247;0.5115152001;0.4881478846;0.466113925;0.3946904242;1.464890957
418.9934082;1.371319771;1.105367303;0.6924213767;0.5607111454;0.533806026;0.5111021399;0.4880942702;0.4661595821;0.4027025104;1.466554761
417.9915161;1.371163964;1.105289102;0.6919757724;0.5606150627;0.5329679847;0.5110825896;0.4882043898;0.465641737;0.4120747745;1.468446136
416.9893799;1.370363355;1.102170706;0.6907758117;0.5598372221;0.5326682925;0.5108484626;0.4877341986;0.4656191468;0.4206699133;1.464744925
415.9871521;1.366574049;1.104313731;0.6898397803;0.5590426922;0.5320235491;0.5103774071;0.4872308373;0.4652139843;0.4304822087;1.462009788
414.9846802;1.364343047;1.10225594;0.6893415451;0.558688879;0.5314416289;0.5094392896;0.4865384996;0.4650250375;0.4400902092;1.465227246
413.9821777;1.364088058;1.099826455;0.6886807084;0.5566843748;0.5301774144;0.5078488588;0.4848284423;0.4638279378;0.4492744207;1.457573652
413.0179749;1.360948086;1.101862907;0.6864411831;0.556854248;0.5293534398;0.5073909163;0.484669745;0.4634388089;0.4582064748;1.457809567
412.0150146;1.363770843;1.09820497;0.6850981712;0.5553590059;0.5285856128;0.5072968006;0.4842861593;0.4628611505;0.4675725996;1.46238637
411.0119019;1.363682508;1.093930125;0.6847798824;0.5553537011;0.5286073089;0.5055550933;0.4836612046;0.462732017;0.4786791801;1.461129546
410.008667;1.359292865;1.096626878;0.6831111908;0.5525751114;0.5265612006;0.5046131015;0.4820480943;0.4612513185;0.4868330657;1.457389832
409.005188;1.357186675;1.093720436;0.6815782189;0.5517147779;0.5259333849;0.5030699372;0.4817231596;0.4604125917;0.4966536462;1.452148914
408.0016174;1.356588483;1.091433406;0.680383265;0.5521627665;0.524557054;0.5031487942;0.4805408716;0.4595681727;0.5043504238;1.453001499
406.9978638;1.353332281;1.091050029;0.6804071069;0.5504669547;0.5238882303;0.5021722317;0.4801454842;0.4590387046;0.513853848;1.454813957
405.9939575;1.351865649;1.085151315;0.6779276729;0.5489074588;0.5232912898;0.5008840561;0.4792224169;0.4589437842;0.5229328871;1.454785943
404.9898376;1.348849654;1.085107327;0.6756305695;0.5476565361;0.5219696164;0.4993189275;0.4775913954;0.4581058025;0.5303675532;1.451115727
403.9855652;1.346315384;1.086351156;0.6752237678;0.5462217331;0.5210413337;0.4984259605;0.4767417312;0.4568481147;0.5379828215;1.453549743
402.9811707;1.344075084;1.082670331;0.6744223237;0.5450123549;0.5200435519;0.4976512194;0.4758886099;0.4558925331;0.5444409847;1.450448751
402.0152283;1.34324944;1.080146909;0.6716986299;0.5427568555;0.5176784992;0.4959650934;0.4739842415;0.4540111125;0.5506855249;1.450864315
401.010437;1.340197921;1.078480124;0.6708320975;0.5421702266;0.5161693096;0.4951032996;0.4725940526;0.4527782202;0.5568239093;1.448734045
400.0055542;1.338010311;1.076866627;0.6695803404;0.5405303836;0.5144937634;0.492929548;0.470864594;0.4512654841;0.5613696575;1.442689419
399.0004883;1.336823463;1.075439692;0.6674518585;0.5388939977;0.514233768;0.4923611879;0.4704698324;0.450510174;0.5674843192;1.449077725
397.9952698;1.338099837;1.074286342;0.6665602922;0.5391185284;0.5135176778;0.4916522205;0.4702476263;0.4502797127;0.5726879239;1.4438591
396.9898376;1.334876657;1.074277401;0.6655113697;0.5379155874;0.5123728514;0.4908060431;0.4689342678;0.4492307305;0.5754098296;1.4457618
395.984314;1.331256986;1.068973541;0.664681077;0.5361426473;0.5104449391;0.4895082414;0.4672822654;0.4489072263;0.5786543489;1.440450191
395.0172729;1.330486894;1.068864703;0.6620751023;0.5344949365;0.5098997951;0.4881969392;0.4656067491;0.4472152591;0.5809960961;1.449222326
394.0113831;1.328215361;1.068754673;0.6612281799;0.5341930985;0.5090853572;0.4872395992;0.4658940136;0.4463358223;0.5830652118;1.4456743
393.0053406;1.328473568;1.067368269;0.6609055996;0.5321395993;0.5075829625;0.4862885773;0.464861691;0.4457480907;0.5836088061;1.440478444
391.9991455;1.326307178;1.064920545;0.6587116718;0.5311811566;0.5065709949;0.4845063984;0.4636077583;0.4441471696;0.58471632;1.444951177
390.9927673;1.322391152;1.063564301;0.6582106352;0.5299328566;0.5048063397;0.4833287001;0.4626736939;0.4433709979;0.5833579302;1.443022609
389.9862671;1.324224591;1.064834118;0.6560447216;0.5299319625;0.504109323;0.4826761782;0.4609821141;0.4431687295;0.5830582976;1.437106133
389.0183411;1.324379325;1.062565088;0.6554377079;0.5281909108;0.5039591789;0.4831555486;0.4615583718;0.4423193336;0.5820821524;1.44085288
388.0115051;1.3202492;1.060912609;0.6551606655;0.5276840925;0.5034565926;0.4820103049;0.4613040686;0.4417540729;0.5799051523;1.440787911
387.0045166;1.319397569;1.05823338;0.6549574733;0.526589334;0.502178371;0.4809461534;0.4593925178;0.4406529963;0.5775172114;1.438103676
385.9973755;1.322483778;1.060091019;0.653247118;0.5269505978;0.5013056993;0.4803204238;0.4593182802;0.4399523437;0.5746161342;1.434612632
384.9901123;1.317764163;1.058502555;0.6537700891;0.5269256234;0.5013095737;0.480294615;0.4585157037;0.4400778115;0.5712456703;1.438581705
383.982605;1.315138221;1.058457613;0.6531631351;0.5258735418;0.5015292168;0.4792415798;0.4586303532;0.4393672049;0.5664616823;1.437777638
383.0137634;1.317334414;1.059645414;0.653375864;0.5262793303;0.5021944642;0.4804141223;0.4588593841;0.4398281276;0.5624620318;1.43544364
382.006012;1.319091797;1.060232997;0.6534232497;0.5262867212;0.5019074678;0.480584234;0.4599358737;0.4406021535;0.5581268668;1.434286237
380.9980774;1.316509247;1.060175776;0.653726995;0.5278180838;0.5025971532;0.4806439877;0.4600473344;0.4411838651;0.5533001423;1.43892777
379.9899902;1.31373179;1.057250381;0.6544291973;0.527423799;0.5042091608;0.4814046323;0.4604656994;0.4419498444;0.5488263369;1.435775757
378.981781;1.319378972;1.057928562;0.6567774415;0.5282367468;0.5040829778;0.4834913313;0.4613445103;0.4432058632;0.5428680182;1.441165805
378.0121765;1.315967083;1.058964252;0.6567574143;0.5300421119;0.5055814981;0.4833503664;0.462775141;0.4437450171;0.5364825726;1.438970089
377.0036316;1.320278168;1.063444376;0.6585027575;0.5332270265;0.5078459382;0.4855347872;0.4652125537;0.4455197453;0.531193018;1.432126641
375.9949646;1.324366927;1.064851165;0.6615507603;0.5352602601;0.5101307034;0.4881253839;0.4679054022;0.4490526915;0.5269419551;1.438366413
374.9861145;1.325175643;1.067180634;0.6640796065;0.5378995538;0.5138389468;0.491943568;0.4712587893;0.4513517022;0.5224558115;1.436279655
374.0159607;1.331051946;1.071017504;0.6693748832;0.54206568;0.5181983709;0.496511817;0.4750375748;0.4562700093;0.5188221335;1.439700246
373.0068054;1.338350177;1.07792604;0.6750840545;0.5477900505;0.5234997869;0.5018074512;0.4801312089;0.4623424113;0.5162574649;1.441582918
371.9975281;1.338492274;1.084755778;0.6820291877;0.5545380116;0.5310638547;0.507707417;0.4883692265;0.4686617255;0.5142630339;1.439912677
370.9880676;1.340940118;1.088370204;0.6872389317;0.5618163943;0.538408041;0.5152720809;0.4941285253;0.4756934941;0.5117375255;1.443000078
370.0173035;1.345891833;1.096884727;0.6964495778;0.5710510612;0.5471608043;0.5234673619;0.5029897094;0.4829334021;0.5082345605;1.441923022
369.0075684;1.354658365;1.105958939;0.7020756006;0.5755242109;0.5517583489;0.5284913182;0.5083616972;0.4885959029;0.5080742836;1.438825727
367.9976807;1.366460562;1.113631248;0.7106272578;0.5847862363;0.5603290796;0.5377777815;0.5176458359;0.4966304302;0.506142199;1.437419057
366.9876404;1.371487617;1.117705345;0.7177119851;0.5888444185;0.5655352473;0.5434732437;0.5229848623;0.5056433082;0.5025276542;1.434975386
366.0163269;1.373991966;1.124887109;0.7236630917;0.5956702232;0.5726721883;0.5495329499;0.5285028815;0.510579586;0.4999731183;1.440415859
365.0059814;1.387895584;1.125510454;0.7268372774;0.6006147265;0.5773643851;0.5545883775;0.5338881612;0.5150245428;0.4952120483;1.439424872
363.9955139;1.38833952;1.133906364;0.730753839;0.6054494381;0.5789219737;0.5586560369;0.5368381143;0.5189884305;0.4888097644;1.438275814
362.9848633;1.389586806;1.134131074;0.7359535694;0.6092833281;0.5841557384;0.5631102324;0.5411676764;0.5227600336;0.4835684299;1.445244431
362.01297;1.392907619;1.137488246;0.7379789352;0.6112715006;0.5873931646;0.5646947026;0.5439571142;0.5251601934;0.4785577357;1.44143784
361.0020752;1.393481851;1.141271353;0.7393581271;0.6144010425;0.5903380513;0.5672599077;0.5462409258;0.5267834663;0.4723063409;1.436661482
359.9909668;1.3887707;1.142657757;0.7438700795;0.6171102524;0.5928182006;0.5699301362;0.5495234728;0.5299090147;0.4664112628;1.435581446
359.0186768;1.396949172;1.142800093;0.7458594441;0.6203126907;0.5958700776;0.572914958;0.5526642799;0.5337317586;0.4616916776;1.434278488
358.0073547;1.400506496;1.147389531;0.7474708557;0.6195173264;0.5969271064;0.5752376318;0.5540619493;0.5342043042;0.4539988637;1.43722713
356.9958191;1.400875688;1.149743795;0.7497404218;0.6233432889;0.6000830531;0.578186214;0.5556862354;0.535723269;0.4486621022;1.432257175
355.9841614;1.397709846;1.147956133;0.7507338524;0.6257010102;0.6005954146;0.5781037807;0.5569078326;0.5387781858;0.4423380494;1.430394769
355.0112915;1.400877357;1.149890065;0.7526957393;0.6266008019;0.6030649543;0.5797892213;0.5597521663;0.540387392;0.4368669391;1.429590106
353.9993591;1.396142364;1.150031924;0.7527079582;0.6286897063;0.6032674909;0.5808749795;0.5604114532;0.5410447121;0.4316399992;1.434900045
352.9872742;1.40391016;1.152029395;0.7543287873;0.6290631294;0.6061876416;0.5829896331;0.5610423684;0.5424333215;0.4237295389;1.436499834
352.0140076;1.404652715;1.15275526;0.7573400736;0.6295616031;0.6060109138;0.5839989185;0.5629740357;0.5430451035;0.4197671115;1.436792135
351.0016479;1.404392242;1.158085465;0.7576349974;0.632833302;0.6070103049;0.5859768391;0.5645569563;0.5450543761;0.4145562053;1.430715799
349.9891663;1.399944901;1.155625224;0.7586334348;0.6328358054;0.6092578769;0.5865371227;0.5649592876;0.5461238027;0.4097501636;1.434242964
